ID,Names,url,ranking,reviewsAVG,totalReviews,price,tagID
190166,Basilica of the Sagrada Familia,https://www.tripadvisor.com/Attraction_Review-g187497-d190166-Reviews-Basilica_of_the_Sagrada_Familia-Barcelona_Catalonia.html,1,4.5,163525,36.18000030517578,9577843435
190162,Gothic Quarter (Barri Gotic),https://www.tripadvisor.com/Attraction_Review-g187497-d190162-Reviews-Gothic_Quarter_Barri_Gotic-Barcelona_Catalonia.html,3,4.5,39869,Free,5005303368
191052,Casa Batllo,https://www.tripadvisor.com/Attraction_Review-g187497-d191052-Reviews-Casa_Batllo-Barcelona_Catalonia.html,5,4.5,57077,25.899999618530273,2703301249
190824,Palace of Catalan Music,https://www.tripadvisor.com/Attraction_Review-g187497-d190824-Reviews-Palace_of_Catalan_Music-Barcelona_Catalonia.html,2,4.5,18456,12.420000076293945,2666063943
190629,Casa Milà - La Pedrera,https://www.tripadvisor.com/Attraction_Review-g187497-d190629-Reviews-Casa_Mila_La_Pedrera-Barcelona_Catalonia.html,7,4.5,23241,44.54999923706055,8171504636
271009,Camp Nou,https://www.tripadvisor.com/Attraction_Review-g187497-d271009-Reviews-Camp_Nou-Barcelona_Catalonia.html,10,4.5,39719,61.13999938964844,7590257550
190164,Mercat de la Boqueria,https://www.tripadvisor.com/Attraction_Review-g187497-d190164-Reviews-Mercat_de_la_Boqueria-Barcelona_Catalonia.html,9,4.5,26045,Free,7144803569
246171,Basílica de Santa Maria del Mar,https://www.tripadvisor.com/Attraction_Review-g187497-d246171-Reviews-Basilica_de_Santa_Maria_del_Mar-Barcelona_Catalonia.html,4,4.5,13741,5.170000076293945,4343156310
1192272,Recinte Modernista de Sant Pau,https://www.tripadvisor.com/Attraction_Review-g187497-d1192272-Reviews-Recinte_Modernista_de_Sant_Pau-Barcelona_Catalonia.html,13,4.5,4586,15.539999961853027,8370037225
257527,Museu Nacional d'Art de Catalunya - MNAC,https://www.tripadvisor.com/Attraction_Review-g187497-d257527-Reviews-Museu_Nacional_d_Art_de_Catalunya_MNAC-Barcelona_Catalonia.html,17,4.5,7193,12.420000076293945,8742784519
191048,Barcelona Cathedral,https://www.tripadvisor.com/Attraction_Review-g187497-d191048-Reviews-Barcelona_Cathedral-Barcelona_Catalonia.html,29,4.5,9650,10.979999542236328,9010200960
501696,The Magic Fountain,https://www.tripadvisor.com/Attraction_Review-g187497-d501696-Reviews-The_Magic_Fountain-Barcelona_Catalonia.html,8,4.5,29402,Free,4561158865
2359212,Parc de Montjuic,https://www.tripadvisor.com/Attraction_Review-g187497-d2359212-Reviews-Parc_de_Montjuic-Barcelona_Catalonia.html,11,4.5,11167,12.420000076293945,4563119320
244211,CosmoCaixa,https://www.tripadvisor.com/Attraction_Review-g187497-d244211-Reviews-CosmoCaixa-Barcelona_Catalonia.html,16,4.5,4111,Free,6467708019
531598,Casa Vicens,https://www.tripadvisor.com/Attraction_Review-g187497-d531598-Reviews-Casa_Vicens-Barcelona_Catalonia.html,15,4.5,1547,12.420000076293945,8174863304
254723,Passeig de Gracia,https://www.tripadvisor.com/Attraction_Review-g187497-d254723-Reviews-Passeig_de_Gracia-Barcelona_Catalonia.html,6,4.5,13786,Free,7063582769
295879,Palau Güell,https://www.tripadvisor.com/Attraction_Review-g187497-d295879-Reviews-Palau_Guell-Barcelona_Catalonia.html,18,4.5,9707,Free,6143441923
246511,Parc de la Ciutadella,https://www.tripadvisor.com/Attraction_Review-g187497-d246511-Reviews-Parc_de_la_Ciutadella-Barcelona_Catalonia.html,35,4.5,7538,Free,2243949848
319140,Erotic Museum of Barcelona (Museu de l'Erotica),https://www.tripadvisor.com/Attraction_Review-g187497-d319140-Reviews-Erotic_Museum_of_Barcelona_Museu_de_l_Erotica-Barcelona_Catalonia.html,39,4.0,2238,8.279999732971191,5905368619
190637,Joan Miro Foundation,https://www.tripadvisor.com/Attraction_Review-g187497-d190637-Reviews-Joan_Miro_Foundation-Barcelona_Catalonia.html,37,4.5,3968,Free,4364310042
254718,El Born,https://www.tripadvisor.com/Attraction_Review-g187497-d254718-Reviews-El_Born-Barcelona_Catalonia.html,19,4.5,3943,Free,2771840848
591343,Plaça d'Espanya,https://www.tripadvisor.com/Attraction_Review-g187497-d591343-Reviews-Placa_d_Espanya-Barcelona_Catalonia.html,38,4.5,5524,Free,5441731955
3224257,Templo del Sagrado Corazon de Jesus,https://www.tripadvisor.com/Attraction_Review-g187497-d3224257-Reviews-Templo_del_Sagrado_Corazon_de_Jesus-Barcelona_Catalonia.html,14,4.5,1697,29.530000686645508,7975155666
251997,L'Eixample District,https://www.tripadvisor.com/Attraction_Review-g187497-d251997-Reviews-L_Eixample_District-Barcelona_Catalonia.html,22,4.5,736,Free,2282027545
190624,Parc Guell,https://www.tripadvisor.com/Attraction_Review-g187497-d190624-Reviews-Parc_Guell-Barcelona_Catalonia.html,12,4.0,75731,9.319999694824219,9905031321
190165,Museu Picasso,https://www.tripadvisor.com/Attraction_Review-g187497-d190165-Reviews-Museu_Picasso-Barcelona_Catalonia.html,64,4.0,9754,17.610000610351562,3015364118
244210,Museu d'Historia de Barcelona - MUHBA,https://www.tripadvisor.com/Attraction_Review-g187497-d244210-Reviews-Museu_d_Historia_de_Barcelona_MUHBA-Barcelona_Catalonia.html,23,4.5,2127,Free,5708024003
313695,Plaça Reial,https://www.tripadvisor.com/Attraction_Review-g187497-d313695-Reviews-Placa_Reial-Barcelona_Catalonia.html,47,4.5,4073,Free,3253996187
208597,Ciutat Vella,https://www.tripadvisor.com/Attraction_Review-g187497-d208597-Reviews-Ciutat_Vella-Barcelona_Catalonia.html,25,4.5,3130,Free,5654125369
2717850,Palau Dalmases,https://www.tripadvisor.com/Attraction_Review-g187497-d2717850-Reviews-Palau_Dalmases-Barcelona_Catalonia.html,20,4.5,877,Free,4910346016
244194,Casa Amatller,https://www.tripadvisor.com/Attraction_Review-g187497-d244194-Reviews-Casa_Amatller-Barcelona_Catalonia.html,26,4.5,957,19.690000534057617,7931812295
195113,Parc d’Atraccions Tibidabo,https://www.tripadvisor.com/Attraction_Review-g187497-d195113-Reviews-Parc_d_Atraccions_Tibidabo-Barcelona_Catalonia.html,62,4.5,7658,29.530000686645508,3291143831
2015831,Mercat Santa Caterina,https://www.tripadvisor.com/Attraction_Review-g187497-d2015831-Reviews-Mercat_Santa_Caterina-Barcelona_Catalonia.html,56,4.5,872,Free,7412642125
271008,Barri de Gracia,https://www.tripadvisor.com/Attraction_Review-g187497-d271008-Reviews-Barri_de_Gracia-Barcelona_Catalonia.html,32,4.5,1223,Free,4287733501
2165013,Montjuic Castle,https://www.tripadvisor.com/Attraction_Review-g187497-d2165013-Reviews-Montjuic_Castle-Barcelona_Catalonia.html,84,4.0,3768,Free,5489725702
3240045,Hash Marihuana & Hemp Museum,https://www.tripadvisor.com/Attraction_Review-g187497-d3240045-Reviews-Hash_Marihuana_Hemp_Museum-Barcelona_Catalonia.html,21,4.5,763,12.420000076293945,1601149909
243171,Arc de Triomf,https://www.tripadvisor.com/Attraction_Review-g187497-d243171-Reviews-Arc_de_Triomf-Barcelona_Catalonia.html,77,4.0,2986,Free,1127995867
246512,Museu d'Història de Catalunya,https://www.tripadvisor.com/Attraction_Review-g187497-d246512-Reviews-Museu_d_Historia_de_Catalunya-Barcelona_Catalonia.html,55,4.5,805,8.279999732971191,9087962315
191047,Port Vell,https://www.tripadvisor.com/Attraction_Review-g187497-d191047-Reviews-Port_Vell-Barcelona_Catalonia.html,61,4.5,1291,Free,2924060235
208598,Plaza de Cataluna,https://www.tripadvisor.com/Attraction_Review-g187497-d208598-Reviews-Plaza_de_Cataluna-Barcelona_Catalonia.html,88,4.0,4979,Free,4831694379
265458,La Barceloneta,https://www.tripadvisor.com/Attraction_Review-g187497-d265458-Reviews-La_Barceloneta-Barcelona_Catalonia.html,60,4.0,2031,Free,2621712414
2223690,Reial Monestir de Santa Maria de Pedralbes,https://www.tripadvisor.com/Attraction_Review-g187497-d2223690-Reviews-Reial_Monestir_de_Santa_Maria_de_Pedralbes-Barcelona_Catalonia.html,24,4.5,664,Free,3312516455
2394734,Parque del Laberint d'Horta,https://www.tripadvisor.com/Attraction_Review-g187497-d2394734-Reviews-Parque_del_Laberint_d_Horta-Barcelona_Catalonia.html,80,4.5,1428,Free,2551604281
4609101,Torre Bellesguard,https://www.tripadvisor.com/Attraction_Review-g187497-d4609101-Reviews-Torre_Bellesguard-Barcelona_Catalonia.html,31,4.5,328,13.460000038146973,3452463100
246168,Mirador de Colom,https://www.tripadvisor.com/Attraction_Review-g187497-d246168-Reviews-Mirador_de_Colom-Barcelona_Catalonia.html,97,4.0,2273,6.210000038146973,5837485578
3468814,Mercat de la Barceloneta,https://www.tripadvisor.com/Attraction_Review-g187497-d3468814-Reviews-Mercat_de_la_Barceloneta-Barcelona_Catalonia.html,36,4.5,450,Free,8077029767
8398821,Antic Hospital de la Santa Creu,https://www.tripadvisor.com/Attraction_Review-g187497-d8398821-Reviews-Antic_Hospital_de_la_Santa_Creu-Barcelona_Catalonia.html,33,4.5,208,Free,6815124120
190163,Las Ramblas,https://www.tripadvisor.com/Attraction_Review-g187497-d190163-Reviews-Las_Ramblas-Barcelona_Catalonia.html,27,4.0,38076,31.079999923706055,2531292064
244200,Museu Maritim de Barcelona,https://www.tripadvisor.com/Attraction_Review-g187497-d244200-Reviews-Museu_Maritim_de_Barcelona-Barcelona_Catalonia.html,82,4.0,889,Free,4233201345
2645511,Playa de La Barceloneta,https://www.tripadvisor.com/Attraction_Review-g187497-d2645511-Reviews-Playa_de_La_Barceloneta-Barcelona_Catalonia.html,95,4.0,9315,Free,5345086104
257528,CaixaForum,https://www.tripadvisor.com/Attraction_Review-g187497-d257528-Reviews-CaixaForum-Barcelona_Catalonia.html,45,4.5,707,Free,5611901570
7785899,Cascada Monumental,https://www.tripadvisor.com/Attraction_Review-g187497-d7785899-Reviews-Cascada_Monumental-Barcelona_Catalonia.html,40,4.5,485,Free,4379930844
195252,Gran Teatre del Liceu,https://www.tripadvisor.com/Attraction_Review-g187497-d195252-Reviews-Gran_Teatre_del_Liceu-Barcelona_Catalonia.html,43,4.5,687,Free,5045158889
2223636,MEAM Museu Europeu d'Art Modern,https://www.tripadvisor.com/Attraction_Review-g187497-d2223636-Reviews-MEAM_Museu_Europeu_d_Art_Modern-Barcelona_Catalonia.html,41,4.5,378,9.319999694824219,2294333494
7175292,Rambla de Catalunya,https://www.tripadvisor.com/Attraction_Review-g187497-d7175292-Reviews-Rambla_de_Catalunya-Barcelona_Catalonia.html,79,4.0,1025,Free,5951795882
3782382,Rambla del Mar,https://www.tripadvisor.com/Attraction_Review-g187497-d3782382-Reviews-Rambla_del_Mar-Barcelona_Catalonia.html,68,4.0,981,Free,3485213814
2067434,La Maquinista,https://www.tripadvisor.com/Attraction_Review-g187497-d2067434-Reviews-La_Maquinista-Barcelona_Catalonia.html,72,4.5,573,25.899999618530273,1038689046
1893220,Museu del Modernisme,https://www.tripadvisor.com/Attraction_Review-g187497-d1893220-Reviews-Museu_del_Modernisme-Barcelona_Catalonia.html,49,4.5,284,Free,8340281741
195124,L’Aquarium de Barcelona,https://www.tripadvisor.com/Attraction_Review-g187497-d195124-Reviews-L_Aquarium_de_Barcelona-Barcelona_Catalonia.html,153,3.5,7252,21.760000228881836,7316354162
6453867,El Poblenou,https://www.tripadvisor.com/Attraction_Review-g187497-d6453867-Reviews-El_Poblenou-Barcelona_Catalonia.html,50,4.5,236,Free,8578867381
4106898,Diagonal Mar Centro Comercial,https://www.tripadvisor.com/Attraction_Review-g187497-d4106898-Reviews-Diagonal_Mar_Centro_Comercial-Barcelona_Catalonia.html,81,4.0,657,Free,3007436298
6417067,El Born Centre de Cultura i Memoria,https://www.tripadvisor.com/Attraction_Review-g187497-d6417067-Reviews-El_Born_Centre_de_Cultura_i_Memoria-Barcelona_Catalonia.html,74,4.0,696,Free,2155350711
10592746,Pont del Bisbe,https://www.tripadvisor.com/Attraction_Review-g187497-d10592746-Reviews-Pont_del_Bisbe-Barcelona_Catalonia.html,63,4.5,199,Free,8867059768
592217,Placa Sant Felip Neri,https://www.tripadvisor.com/Attraction_Review-g187497-d592217-Reviews-Placa_Sant_Felip_Neri-Barcelona_Catalonia.html,28,4.5,1248,Free,7662889877
244195,Casa Lleo i Morera,https://www.tripadvisor.com/Attraction_Review-g187497-d244195-Reviews-Casa_Lleo_i_Morera-Barcelona_Catalonia.html,42,4.5,869,Free,7324232147
15056638,Exposición Human Bodies. Anatomia de la vida.,https://www.tripadvisor.com/Attraction_Review-g187497-d15056638-Reviews-Exposicion_Human_Bodies_Anatomia_de_la_vida-Barcelona_Catalonia.html,51,4.5,214,Free,8485117937
4945354,Cementerio de Montjuic,https://www.tripadvisor.com/Attraction_Review-g187497-d4945354-Reviews-Cementerio_de_Montjuic-Barcelona_Catalonia.html,34,4.5,160,Free,2994202740
7052313,Bogatell Beach,https://www.tripadvisor.com/Attraction_Review-g187497-d7052313-Reviews-Bogatell_Beach-Barcelona_Catalonia.html,69,4.5,373,Free,7477873848
2272433,Santa Anna Church,https://www.tripadvisor.com/Attraction_Review-g187497-d2272433-Reviews-Santa_Anna_Church-Barcelona_Catalonia.html,44,4.5,208,Free,1211760123
4660265,Mercat De Sant Antoni,https://www.tripadvisor.com/Attraction_Review-g187497-d4660265-Reviews-Mercat_De_Sant_Antoni-Barcelona_Catalonia.html,78,4.0,503,Free,7523462082
244199,Frederic Mares Museum (Museu Frederic Mares),https://www.tripadvisor.com/Attraction_Review-g187497-d244199-Reviews-Frederic_Mares_Museum_Museu_Frederic_Mares-Barcelona_Catalonia.html,58,4.0,367,Free,6997119908
8564136,Mercado del Ninot,https://www.tripadvisor.com/Attraction_Review-g187497-d8564136-Reviews-Mercado_del_Ninot-Barcelona_Catalonia.html,54,4.5,166,Free,5756097784
240755,Glories,https://www.tripadvisor.com/Attraction_Review-g187497-d240755-Reviews-Glories-Barcelona_Catalonia.html,121,4.0,265,Free,7484585768
4469233,Port Olimpic,https://www.tripadvisor.com/Attraction_Review-g187497-d4469233-Reviews-Port_Olimpic-Barcelona_Catalonia.html,87,4.0,363,Free,5733634779
7132622,"Cat, Fernando Botero",https://www.tripadvisor.com/Attraction_Review-g187497-d7132622-Reviews-Cat_Fernando_Botero-Barcelona_Catalonia.html,74,4.0,335,Free,6535000945
6495421,Telefèric de Montjuïc,https://www.tripadvisor.com/Attraction_Review-g187497-d6495421-Reviews-Teleferic_de_Montjuic-Barcelona_Catalonia.html,116,4.0,2089,Free,5156102094
3139265,Basilica de Santa Maria del Pi,https://www.tripadvisor.com/Attraction_Review-g187497-d3139265-Reviews-Basilica_de_Santa_Maria_del_Pi-Barcelona_Catalonia.html,86,4.0,653,Free,6490337623
3954329,Sant Pau del Camp,https://www.tripadvisor.com/Attraction_Review-g187497-d3954329-Reviews-Sant_Pau_del_Camp-Barcelona_Catalonia.html,30,4.5,221,Free,2003401116
244821,Barcelona Zoo,https://www.tripadvisor.com/Attraction_Review-g187497-d244821-Reviews-Barcelona_Zoo-Barcelona_Catalonia.html,181,3.5,4009,Free,9983166509
4722328,Museu del Disseny de Barcelona,https://www.tripadvisor.com/Attraction_Review-g187497-d4722328-Reviews-Museu_del_Disseny_de_Barcelona-Barcelona_Catalonia.html,71,4.0,269,Free,8786754111
7208916,Rambla del Poblenou,https://www.tripadvisor.com/Attraction_Review-g187497-d7208916-Reviews-Rambla_del_Poblenou-Barcelona_Catalonia.html,57,4.5,222,Free,8376140765
4027803,Centro Comercial Arenas De Barcelona,https://www.tripadvisor.com/Attraction_Review-g187497-d4027803-Reviews-Centro_Comercial_Arenas_De_Barcelona-Barcelona_Catalonia.html,98,4.0,1493,Free,7927559298
265457,Anella Olimpica,https://www.tripadvisor.com/Attraction_Review-g187497-d265457-Reviews-Anella_Olimpica-Barcelona_Catalonia.html,89,4.0,418,Free,2833563731
244218,Poble Espanyol,https://www.tripadvisor.com/Attraction_Review-g187497-d244218-Reviews-Poble_Espanyol-Barcelona_Catalonia.html,217,3.5,2830,13.050000190734863,4229269814
8489665,Gaudi Exhibition Center,https://www.tripadvisor.com/Attraction_Review-g187497-d8489665-Reviews-Gaudi_Exhibition_Center-Barcelona_Catalonia.html,46,4.5,332,Free,2837441277
2235343,Museu de Ciencies Naturals de Barcelona,https://www.tripadvisor.com/Attraction_Review-g187497-d2235343-Reviews-Museu_de_Ciencies_Naturals_de_Barcelona-Barcelona_Catalonia.html,91,4.0,287,10.880000114440918,2839888439
3467712,Nova Mar Bella Beach,https://www.tripadvisor.com/Attraction_Review-g187497-d3467712-Reviews-Nova_Mar_Bella_Beach-Barcelona_Catalonia.html,65,4.5,267,Free,1658583774
254719,Passeig del Born,https://www.tripadvisor.com/Attraction_Review-g187497-d254719-Reviews-Passeig_del_Born-Barcelona_Catalonia.html,67,4.0,279,Free,9230917731
8036442,El Corte Ingles,https://www.tripadvisor.com/Attraction_Review-g187497-d8036442-Reviews-El_Corte_Ingles-Barcelona_Catalonia.html,106,4.0,672,18.649999618530273,4358486024
2690761,Maremagnum,https://www.tripadvisor.com/Attraction_Review-g187497-d2690761-Reviews-Maremagnum-Barcelona_Catalonia.html,128,4.0,1350,Free,3647112653
2366700,Torre Agbar,https://www.tripadvisor.com/Attraction_Review-g187497-d2366700-Reviews-Torre_Agbar-Barcelona_Catalonia.html,111,4.0,1034,Free,9744550991
240766,Galerias Malda,https://www.tripadvisor.com/Attraction_Review-g187497-d240766-Reviews-Galerias_Malda-Barcelona_Catalonia.html,187,4.5,37,Free,8105266496
246190,Gaudi House Museum,https://www.tripadvisor.com/Attraction_Review-g187497-d246190-Reviews-Gaudi_House_Museum-Barcelona_Catalonia.html,135,3.5,1139,Free,1557356243
2223604,Museu de la Musica,https://www.tripadvisor.com/Attraction_Review-g187497-d2223604-Reviews-Museu_de_la_Musica-Barcelona_Catalonia.html,93,4.5,131,Free,2264264305
313685,Estadi Olímpic,https://www.tripadvisor.com/Attraction_Review-g187497-d313685-Reviews-Estadi_Olimpic-Barcelona_Catalonia.html,114,4.0,1159,Free,2179591951
313686,Barcelona Pavilion,https://www.tripadvisor.com/Attraction_Review-g187497-d313686-Reviews-Barcelona_Pavilion-Barcelona_Catalonia.html,52,4.5,656,Free,9907629019
243174,Barri de La Ribera,https://www.tripadvisor.com/Attraction_Review-g187497-d243174-Reviews-Barri_de_La_Ribera-Barcelona_Catalonia.html,113,4.5,104,Free,2282821875
1809020,MUHBA Temple d'August,https://www.tripadvisor.com/Attraction_Review-g187497-d1809020-Reviews-MUHBA_Temple_d_August-Barcelona_Catalonia.html,53,4.5,207,Free,5216612640
244208,Museo Egipci de Barcelona,https://www.tripadvisor.com/Attraction_Review-g187497-d244208-Reviews-Museo_Egipci_de_Barcelona-Barcelona_Catalonia.html,115,4.0,365,12.420000076293945,4261378259
7021032,Mossen Costa i Llobera Gardens,https://www.tripadvisor.com/Attraction_Review-g187497-d7021032-Reviews-Mossen_Costa_i_Llobera_Gardens-Barcelona_Catalonia.html,132,4.5,87,Free,8091508830
7810574,Avinguda Diagonal,https://www.tripadvisor.com/Attraction_Review-g187497-d7810574-Reviews-Avinguda_Diagonal-Barcelona_Catalonia.html,160,4.0,92,Free,9760373935
7820170,Museum of World Cultures,https://www.tripadvisor.com/Attraction_Review-g187497-d7820170-Reviews-Museum_of_World_Cultures-Barcelona_Catalonia.html,83,4.5,123,Free,7250390615
7694897,Placa del Rei,https://www.tripadvisor.com/Attraction_Review-g187497-d7694897-Reviews-Placa_del_Rei-Barcelona_Catalonia.html,76,4.5,283,Free,3284177194
2485623,Casa de les Punxes,https://www.tripadvisor.com/Attraction_Review-g187497-d2485623-Reviews-Casa_de_les_Punxes-Barcelona_Catalonia.html,125,4.0,493,13.979999542236328,1627205858
619690,Museu de la Xocolata,https://www.tripadvisor.com/Attraction_Review-g187497-d619690-Reviews-Museu_de_la_Xocolata-Barcelona_Catalonia.html,385,3.5,1049,6.210000038146973,1926210880
7175296,Portal de l'Àngel,https://www.tripadvisor.com/Attraction_Review-g187497-d7175296-Reviews-Portal_de_l_Angel-Barcelona_Catalonia.html,107,4.0,113,Free,4936095732
12847550,Retro Auto Moto Museo,https://www.tripadvisor.com/Attraction_Review-g187497-d12847550-Reviews-Retro_Auto_Moto_Museo-Barcelona_Catalonia.html,142,4.5,34,Free,8577360028
6206152,Plaza de Toros Monumental de Barcelona,https://www.tripadvisor.com/Attraction_Review-g187497-d6206152-Reviews-Plaza_de_Toros_Monumental_de_Barcelona-Barcelona_Catalonia.html,110,4.0,284,Free,5613904842
12606976,Placa de la Sagrada Familia,https://www.tripadvisor.com/Attraction_Review-g187497-d12606976-Reviews-Placa_de_la_Sagrada_Familia-Barcelona_Catalonia.html,85,4.0,155,Free,5704789830
190623,MACBA Museu d'Art Contemporani de Barcelona,https://www.tripadvisor.com/Attraction_Review-g187497-d190623-Reviews-MACBA_Museu_d_Art_Contemporani_de_Barcelona-Barcelona_Catalonia.html,347,3.5,956,11.390000343322754,5991634662
6401014,El Puerto de Barcelona,https://www.tripadvisor.com/Attraction_Review-g187497-d6401014-Reviews-El_Puerto_de_Barcelona-Barcelona_Catalonia.html,66,4.5,1891,Free,2530999856
2623636,Mercat de la Concepcio Barcelona,https://www.tripadvisor.com/Attraction_Review-g187497-d2623636-Reviews-Mercat_de_la_Concepcio_Barcelona-Barcelona_Catalonia.html,96,4.5,103,Free,9999278526
190634,Mercat dels Encants de Barcelona,https://www.tripadvisor.com/Attraction_Review-g187497-d190634-Reviews-Mercat_dels_Encants_de_Barcelona-Barcelona_Catalonia.html,108,4.0,383,Free,1615309929
7914040,Museum of Illusions,https://www.tripadvisor.com/Attraction_Review-g187497-d7914040-Reviews-Museum_of_Illusions-Barcelona_Catalonia.html,150,3.5,406,10.350000381469727,4606248723
6034377,Plaza del Pi,https://www.tripadvisor.com/Attraction_Review-g187497-d6034377-Reviews-Plaza_del_Pi-Barcelona_Catalonia.html,100,4.0,126,Free,7971986544
597513,Major Synagogue,https://www.tripadvisor.com/Attraction_Review-g187497-d597513-Reviews-Major_Synagogue-Barcelona_Catalonia.html,94,4.5,212,12.420000076293945,2393792051
8820217,F1 - Spanish Grand Prix,https://www.tripadvisor.com/Attraction_Review-g187497-d8820217-Reviews-F1_Spanish_Grand_Prix-Barcelona_Catalonia.html,122,4.5,93,Free,4129130192
2328556,Teleferico del Puerto,https://www.tripadvisor.com/Attraction_Review-g187497-d2328556-Reviews-Teleferico_del_Puerto-Barcelona_Catalonia.html,297,3.5,1031,13.979999542236328,4973704206
3410795,Raval,https://www.tripadvisor.com/Attraction_Review-g187497-d3410795-Reviews-Raval-Barcelona_Catalonia.html,193,3.5,271,Free,6169037455
7984164,Estacio de Franca,https://www.tripadvisor.com/Attraction_Review-g187497-d7984164-Reviews-Estacio_de_Franca-Barcelona_Catalonia.html,92,4.0,150,Free,5329338677
10230999,Playa de la Mar Bella,https://www.tripadvisor.com/Attraction_Review-g187497-d10230999-Reviews-Playa_de_la_Mar_Bella-Barcelona_Catalonia.html,151,4.0,83,Free,4978646009
7363048,L'illa Diagonal,https://www.tripadvisor.com/Attraction_Review-g187497-d7363048-Reviews-L_illa_Diagonal-Barcelona_Catalonia.html,101,4.0,343,Free,5398482988
244855,Barcelona Wax Museum,https://www.tripadvisor.com/Attraction_Review-g187497-d244855-Reviews-Barcelona_Wax_Museum-Barcelona_Catalonia.html,792,3.0,579,15.539999961853027,7236299414
240500,Big Fun Museum,https://www.tripadvisor.com/Attraction_Review-g187497-d240500-Reviews-Big_Fun_Museum-Barcelona_Catalonia.html,344,4.0,85,10.350000381469727,2582166540
2223655,Joan Antonio Samaranch Olympic & Sports Museum,https://www.tripadvisor.com/Attraction_Review-g187497-d2223655-Reviews-Joan_Antonio_Samaranch_Olympic_Sports_Museum-Barcelona_Catalonia.html,73,4.0,277,6.510000228881836,3616524091
4123720,Palau Sant Jordi,https://www.tripadvisor.com/Attraction_Review-g187497-d4123720-Reviews-Palau_Sant_Jordi-Barcelona_Catalonia.html,118,4.0,187,Free,9739604428
8865719,Carrer Petritxol,https://www.tripadvisor.com/Attraction_Review-g187497-d8865719-Reviews-Carrer_Petritxol-Barcelona_Catalonia.html,159,4.5,42,Free,9644535078
6214229,Claustro E Iglesia de la Concepcion,https://www.tripadvisor.com/Attraction_Review-g187497-d6214229-Reviews-Claustro_E_Iglesia_de_la_Concepcion-Barcelona_Catalonia.html,120,4.5,71,Free,9423793477
7102217,Poblenou Cemetery,https://www.tripadvisor.com/Attraction_Review-g187497-d7102217-Reviews-Poblenou_Cemetery-Barcelona_Catalonia.html,116,4.5,85,Free,1452651973
2625535,Parc de Cervantes,https://www.tripadvisor.com/Attraction_Review-g187497-d2625535-Reviews-Parc_de_Cervantes-Barcelona_Catalonia.html,148,4.5,70,Free,7455661876
3360600,Gaudi Experience,https://www.tripadvisor.com/Attraction_Review-g187497-d3360600-Reviews-Gaudi_Experience-Barcelona_Catalonia.html,103,4.0,460,9.319999694824219,9098976283
13970378,El Beso De Joan Fontcuberta,https://www.tripadvisor.com/Attraction_Review-g187497-d13970378-Reviews-El_Beso_De_Joan_Fontcuberta-Barcelona_Catalonia.html,230,4.5,22,Free,1102581398
591146,Basilica of Our Lady of Mercy,https://www.tripadvisor.com/Attraction_Review-g187497-d591146-Reviews-Basilica_of_Our_Lady_of_Mercy-Barcelona_Catalonia.html,59,4.5,130,Free,2487297831
4597992,Palau De La Generalitat De Catalunya,https://www.tripadvisor.com/Attraction_Review-g187497-d4597992-Reviews-Palau_De_La_Generalitat_De_Catalunya-Barcelona_Catalonia.html,123,4.0,136,Free,9375372230
7687719,Placa de Sant Jaume,https://www.tripadvisor.com/Attraction_Review-g187497-d7687719-Reviews-Placa_de_Sant_Jaume-Barcelona_Catalonia.html,102,4.0,254,Free,6641915556
1553048,Jardin Botanico de Barcelona,https://www.tripadvisor.com/Attraction_Review-g187497-d1553048-Reviews-Jardin_Botanico_de_Barcelona-Barcelona_Catalonia.html,162,4.0,322,6.210000038146973,2068159225
7981033,Platja de la Nova Icaria,https://www.tripadvisor.com/Attraction_Review-g187497-d7981033-Reviews-Platja_de_la_Nova_Icaria-Barcelona_Catalonia.html,146,4.0,137,Free,6305437065
7148963,Gold Fish Sculpture (Escultura el Peix d'Or),https://www.tripadvisor.com/Attraction_Review-g187497-d7148963-Reviews-Gold_Fish_Sculpture_Escultura_el_Peix_d_Or-Barcelona_Catalonia.html,104,4.0,176,Free,8795795385
4752371,Parc de Collserola,https://www.tripadvisor.com/Attraction_Review-g187497-d4752371-Reviews-Parc_de_Collserola-Barcelona_Catalonia.html,178,4.5,39,Free,3336020845
531612,Casa Comalat,https://www.tripadvisor.com/Attraction_Review-g187497-d531612-Reviews-Casa_Comalat-Barcelona_Catalonia.html,169,4.5,55,Free,3529048268
8782951,Teatre Victoria,https://www.tripadvisor.com/Attraction_Review-g187497-d8782951-Reviews-Teatre_Victoria-Barcelona_Catalonia.html,189,4.0,74,Free,9796680554
12674080,Torres Venecianes,https://www.tripadvisor.com/Attraction_Review-g187497-d12674080-Reviews-Torres_Venecianes-Barcelona_Catalonia.html,126,4.0,77,Free,1213507184
7804964,Passeig del Colom,https://www.tripadvisor.com/Attraction_Review-g187497-d7804964-Reviews-Passeig_del_Colom-Barcelona_Catalonia.html,138,4.0,109,Free,2715475614
244201,Center of Contemporary Culture of Barcelona (CCCB),https://www.tripadvisor.com/Attraction_Review-g187497-d244201-Reviews-Center_of_Contemporary_Culture_of_Barcelona_CCCB-Barcelona_Catalonia.html,134,4.0,228,Free,4725959097
8866286,Jardins de Laribal,https://www.tripadvisor.com/Attraction_Review-g187497-d8866286-Reviews-Jardins_de_Laribal-Barcelona_Catalonia.html,149,4.5,48,Free,6388907266
4414261,MUHBA Refugi 307,https://www.tripadvisor.com/Attraction_Review-g187497-d4414261-Reviews-MUHBA_Refugi_307-Barcelona_Catalonia.html,131,4.5,59,Free,5648249437
13154025,Prision La Modelo,https://www.tripadvisor.com/Attraction_Review-g187497-d13154025-Reviews-Prision_La_Modelo-Barcelona_Catalonia.html,299,4.0,27,Free,1677556845
11793916,Palau Reial Major,https://www.tripadvisor.com/Attraction_Review-g187497-d11793916-Reviews-Palau_Reial_Major-Barcelona_Catalonia.html,219,4.0,30,Free,2493317250
7376615,Palo Market Fest,https://www.tripadvisor.com/Attraction_Review-g187497-d7376615-Reviews-Palo_Market_Fest-Barcelona_Catalonia.html,154,4.0,168,25.899999618530273,8290747769
8702700,Plaza del Sol,https://www.tripadvisor.com/Attraction_Review-g187497-d8702700-Reviews-Plaza_del_Sol-Barcelona_Catalonia.html,204,4.0,62,Free,1320936676
6116743,Mercat Abaceria,https://www.tripadvisor.com/Attraction_Review-g187497-d6116743-Reviews-Mercat_Abaceria-Barcelona_Catalonia.html,152,4.5,54,Free,1156636178
7106610,Tivoli Theatre,https://www.tripadvisor.com/Attraction_Review-g187497-d7106610-Reviews-Tivoli_Theatre-Barcelona_Catalonia.html,227,3.5,222,Free,8685413798
4310632,Teatro Coliseum,https://www.tripadvisor.com/Attraction_Review-g187497-d4310632-Reviews-Teatro_Coliseum-Barcelona_Catalonia.html,241,3.5,156,Free,9609963368
12352056,Placa de Gaudi,https://www.tripadvisor.com/Attraction_Review-g187497-d12352056-Reviews-Placa_de_Gaudi-Barcelona_Catalonia.html,176,4.0,53,Free,6429711847
8646729,Plaza de Ramon Berenguer el Gran,https://www.tripadvisor.com/Attraction_Review-g187497-d8646729-Reviews-Plaza_de_Ramon_Berenguer_el_Gran-Barcelona_Catalonia.html,235,4.0,34,Free,3007370239
4764185,Base Elements Urban Art Gallery,https://www.tripadvisor.com/Attraction_Review-g187497-d4764185-Reviews-Base_Elements_Urban_Art_Gallery-Barcelona_Catalonia.html,90,5.0,72,Free,6840366082
12661256,Plaja de Sant Sebastian,https://www.tripadvisor.com/Attraction_Review-g187497-d12661256-Reviews-Plaja_de_Sant_Sebastian-Barcelona_Catalonia.html,199,4.5,28,Free,9689443531
10467498,Palau Moja,https://www.tripadvisor.com/Attraction_Review-g187497-d10467498-Reviews-Palau_Moja-Barcelona_Catalonia.html,190,4.0,51,Free,7706415162
10223979,Palau Robert,https://www.tripadvisor.com/Attraction_Review-g187497-d10223979-Reviews-Palau_Robert-Barcelona_Catalonia.html,211,4.0,42,Free,2808502309
6116899,Park of Joan Miro,https://www.tripadvisor.com/Attraction_Review-g187497-d6116899-Reviews-Park_of_Joan_Miro-Barcelona_Catalonia.html,254,3.5,240,Free,8235679469
2321733,Torre de Collserola,https://www.tripadvisor.com/Attraction_Review-g187497-d2321733-Reviews-Torre_de_Collserola-Barcelona_Catalonia.html,133,4.0,105,Free,2176392938
2487738,Parroquia de la Mare de Deu de Betlem,https://www.tripadvisor.com/Attraction_Review-g187497-d2487738-Reviews-Parroquia_de_la_Mare_de_Deu_de_Betlem-Barcelona_Catalonia.html,119,4.0,134,Free,9727185508
4346018,Casa Rocamora,https://www.tripadvisor.com/Attraction_Review-g187497-d4346018-Reviews-Casa_Rocamora-Barcelona_Catalonia.html,177,4.5,48,Free,9660641627
4960182,Basílica dels Sants Màrtirs Just i Pastor,https://www.tripadvisor.com/Attraction_Review-g187497-d4960182-Reviews-Basilica_dels_Sants_Martirs_Just_i_Pastor-Barcelona_Catalonia.html,112,4.5,74,Free,6578304486
2577943,Biblioteca de Catalunya,https://www.tripadvisor.com/Attraction_Review-g187497-d2577943-Reviews-Biblioteca_de_Catalunya-Barcelona_Catalonia.html,175,4.5,59,Free,9948763419
10538518,Antigua Casa Figueras,https://www.tripadvisor.com/Attraction_Review-g187497-d10538518-Reviews-Antigua_Casa_Figueras-Barcelona_Catalonia.html,165,4.5,37,Free,1190148069
8692632,La Casa de la Seda Barcelona,https://www.tripadvisor.com/Attraction_Review-g187497-d8692632-Reviews-La_Casa_de_la_Seda_Barcelona-Barcelona_Catalonia.html,136,4.5,64,Free,2906140774
244202,Fundacio Antoni Tapies,https://www.tripadvisor.com/Attraction_Review-g187497-d244202-Reviews-Fundacio_Antoni_Tapies-Barcelona_Catalonia.html,434,3.5,288,8.279999732971191,9672907998
2223602,Museu de la Catedral,https://www.tripadvisor.com/Attraction_Review-g187497-d2223602-Reviews-Museu_de_la_Catedral-Barcelona_Catalonia.html,48,4.5,227,Free,5582867762
528113,Manzana de la Discordia,https://www.tripadvisor.com/Attraction_Review-g187497-d528113-Reviews-Manzana_de_la_Discordia-Barcelona_Catalonia.html,233,4.5,34,Free,8027814672
3929138,Avenida del Paralelo,https://www.tripadvisor.com/Attraction_Review-g187497-d3929138-Reviews-Avenida_del_Paralelo-Barcelona_Catalonia.html,158,4.0,95,Free,9780708200
6942942,Church of Sant Francesc de Sales,https://www.tripadvisor.com/Attraction_Review-g187497-d6942942-Reviews-Church_of_Sant_Francesc_de_Sales-Barcelona_Catalonia.html,170,4.5,42,Free,4715531696
7161481,Casa de l'Ardiaca,https://www.tripadvisor.com/Attraction_Review-g187497-d7161481-Reviews-Casa_de_l_Ardiaca-Barcelona_Catalonia.html,179,4.0,60,Free,9903996823
8742797,Sala Fundacion Mapfre Casa Garriga Nogues,https://www.tripadvisor.com/Attraction_Review-g187497-d8742797-Reviews-Sala_Fundacion_Mapfre_Casa_Garriga_Nogues-Barcelona_Catalonia.html,140,4.5,116,Free,1804784871
244903,Teatre Poliorama,https://www.tripadvisor.com/Attraction_Review-g187497-d244903-Reviews-Teatre_Poliorama-Barcelona_Catalonia.html,214,4.0,91,Free,3243203729
7190997,Muralla Romana,https://www.tripadvisor.com/Attraction_Review-g187497-d7190997-Reviews-Muralla_Romana-Barcelona_Catalonia.html,143,4.0,73,Free,8932900299
6847808,La Virreina Centre de la Imatge,https://www.tripadvisor.com/Attraction_Review-g187497-d6847808-Reviews-La_Virreina_Centre_de_la_Imatge-Barcelona_Catalonia.html,168,4.0,67,Free,8897497425
9566855,Jardines de Joan Maragall,https://www.tripadvisor.com/Attraction_Review-g187497-d9566855-Reviews-Jardines_de_Joan_Maragall-Barcelona_Catalonia.html,161,4.5,38,Free,5893170553
2449596,Monasterio de Sant Pere de les Puel.les,https://www.tripadvisor.com/Attraction_Review-g187497-d2449596-Reviews-Monasterio_de_Sant_Pere_de_les_Puel_les-Barcelona_Catalonia.html,208,4.5,34,Free,3006116153
11729063,Bibliotheca Publica Arus,https://www.tripadvisor.com/Attraction_Review-g187497-d11729063-Reviews-Bibliotheca_Publica_Arus-Barcelona_Catalonia.html,229,4.5,19,Free,1939235918
7152939,Cara de Barcelona,https://www.tripadvisor.com/Attraction_Review-g187497-d7152939-Reviews-Cara_de_Barcelona-Barcelona_Catalonia.html,141,4.0,135,Free,7357746385
9882566,Parque del Guinardo,https://www.tripadvisor.com/Attraction_Review-g187497-d9882566-Reviews-Parque_del_Guinardo-Barcelona_Catalonia.html,238,4.5,29,Free,1038279669
5542130,Galeria Maxo,https://www.tripadvisor.com/Attraction_Review-g187497-d5542130-Reviews-Galeria_Maxo-Barcelona_Catalonia.html,167,4.5,132,Free,8186112845
244206,Museum of Archaeology of Catalonia (Museu Arqueologic de Catalunya),https://www.tripadvisor.com/Attraction_Review-g187497-d244206-Reviews-Museum_of_Archaeology_of_Catalonia_Museu_Arqueologic_de_Catalunya-Barcelona_Catalo.html,144,4.0,124,Free,1238195972
10365279,Placa de Sant Josep Oriol,https://www.tripadvisor.com/Attraction_Review-g187497-d10365279-Reviews-Placa_de_Sant_Josep_Oriol-Barcelona_Catalonia.html,261,4.0,28,Free,1676799350
6517023,El Triangle Centro Comercial,https://www.tripadvisor.com/Attraction_Review-g187497-d6517023-Reviews-El_Triangle_Centro_Comercial-Barcelona_Catalonia.html,170,3.5,226,Free,2371055747
244197,City Hall (Casa de la Ciutat / Ayuntamiento),https://www.tripadvisor.com/Attraction_Review-g187497-d244197-Reviews-City_Hall_Casa_de_la_Ciutat_Ayuntamiento-Barcelona_Catalonia.html,98,4.0,179,Free,1934152032
10296722,Casa Sayrach,https://www.tripadvisor.com/Attraction_Review-g187497-d10296722-Reviews-Casa_Sayrach-Barcelona_Catalonia.html,257,4.5,21,Free,6154858383
8434367,Piscina Municipal de Montjuic,https://www.tripadvisor.com/Attraction_Review-g187497-d8434367-Reviews-Piscina_Municipal_de_Montjuic-Barcelona_Catalonia.html,250,4.0,67,Free,3922467834
1191660,Casa Calvet,https://www.tripadvisor.com/Attraction_Review-g187497-d1191660-Reviews-Casa_Calvet-Barcelona_Catalonia.html,127,4.0,147,Free,1621447007
10023525,Castle of the Three Dragons,https://www.tripadvisor.com/Attraction_Review-g187497-d10023525-Reviews-Castle_of_the_Three_Dragons-Barcelona_Catalonia.html,156,4.0,73,Free,1207446972
4597443,Casa de La Llotja,https://www.tripadvisor.com/Attraction_Review-g187497-d4597443-Reviews-Casa_de_La_Llotja-Barcelona_Catalonia.html,206,4.5,42,Free,2687665598
9582536,Mercat del Art de la Placa de Sant Josep Oriol,https://www.tripadvisor.com/Attraction_Review-g187497-d9582536-Reviews-Mercat_del_Art_de_la_Placa_de_Sant_Josep_Oriol-Barcelona_Catalonia.html,225,4.5,27,Free,5299319300
10713149,Edifici de Correus,https://www.tripadvisor.com/Attraction_Review-g187497-d10713149-Reviews-Edifici_de_Correus-Barcelona_Catalonia.html,157,4.5,37,Free,9793164838
4002311,Cafe Teatre Llantiol,https://www.tripadvisor.com/Attraction_Review-g187497-d4002311-Reviews-Cafe_Teatre_Llantiol-Barcelona_Catalonia.html,130,4.5,66,Free,5164247848
8471899,Somorrostro,https://www.tripadvisor.com/Attraction_Review-g187497-d8471899-Reviews-Somorrostro-Barcelona_Catalonia.html,201,4.0,43,Free,6600115205
8476175,Microteatre Barcelona,https://www.tripadvisor.com/Attraction_Review-g187497-d8476175-Reviews-Microteatre_Barcelona-Barcelona_Catalonia.html,155,5.0,34,Free,6267612521
4234451,Museu Can Framis,https://www.tripadvisor.com/Attraction_Review-g187497-d4234451-Reviews-Museu_Can_Framis-Barcelona_Catalonia.html,228,4.5,91,Free,7496832542
3226916,Plaza Francesc Macià,https://www.tripadvisor.com/Attraction_Review-g187497-d3226916-Reviews-Plaza_Francesc_Macia-Barcelona_Catalonia.html,342,3.5,43,Free,5491080515
2295948,Antic Teatre - Espai de Creació,https://www.tripadvisor.com/Attraction_Review-g187497-d2295948-Reviews-Antic_Teatre_Espai_de_Creacio-Barcelona_Catalonia.html,163,4.0,153,Free,3379549980
10538454,Fuente de la Portaferrissa,https://www.tripadvisor.com/Attraction_Review-g187497-d10538454-Reviews-Fuente_de_la_Portaferrissa-Barcelona_Catalonia.html,197,4.0,37,Free,7061721024
11930470,Montserrat,https://www.tripadvisor.com/Attraction_Review-g187497-d11930470-Reviews-Montserrat-Barcelona_Catalonia.html,213,4.5,27,Free,9444105693
3270333,Sopars Amb Estrelles,https://www.tripadvisor.com/Attraction_Review-g187497-d3270333-Reviews-Sopars_Amb_Estrelles-Barcelona_Catalonia.html,541,3.5,114,Free,3831242292
313693,Gran de Gràcia,https://www.tripadvisor.com/Attraction_Review-g187497-d313693-Reviews-Gran_de_Gracia-Barcelona_Catalonia.html,145,4.0,102,Free,7774363640
8614393,Escultura La Gamba,https://www.tripadvisor.com/Attraction_Review-g187497-d8614393-Reviews-Escultura_La_Gamba-Barcelona_Catalonia.html,166,4.0,95,Free,3061854570
2531489,Palau del Baro de Quadras,https://www.tripadvisor.com/Attraction_Review-g187497-d2531489-Reviews-Palau_del_Baro_de_Quadras-Barcelona_Catalonia.html,190,4.0,51,Free,3094115985
3467639,MUHBA Via Sepulcral Romana,https://www.tripadvisor.com/Attraction_Review-g187497-d3467639-Reviews-MUHBA_Via_Sepulcral_Romana-Barcelona_Catalonia.html,180,4.0,77,Free,2184749118
10691974,Opera Samfaina,https://www.tripadvisor.com/Attraction_Review-g187497-d10691974-Reviews-Opera_Samfaina-Barcelona_Catalonia.html,815,2.0,68,Free,3777786910
8736807,Parc Diagonal Mar,https://www.tripadvisor.com/Attraction_Review-g187497-d8736807-Reviews-Parc_Diagonal_Mar-Barcelona_Catalonia.html,192,4.0,67,Free,9073907606
6412469,Edge Brewing,https://www.tripadvisor.com/Attraction_Review-g187497-d6412469-Reviews-Edge_Brewing-Barcelona_Catalonia.html,105,4.5,89,Free,3000628852
8332676,Opera Lounge,https://www.tripadvisor.com/Attraction_Review-g187497-d8332676-Reviews-Opera_Lounge-Barcelona_Catalonia.html,147,5.0,51,Free,8408733206
658750,Parc del Forum,https://www.tripadvisor.com/Attraction_Review-g187497-d658750-Reviews-Parc_del_Forum-Barcelona_Catalonia.html,361,3.5,105,Free,7395237661
243179,Carrer de Montcada,https://www.tripadvisor.com/Attraction_Review-g187497-d243179-Reviews-Carrer_de_Montcada-Barcelona_Catalonia.html,137,4.0,109,Free,9970538527
8670722,Mercat de Sants,https://www.tripadvisor.com/Attraction_Review-g187497-d8670722-Reviews-Mercat_de_Sants-Barcelona_Catalonia.html,183,4.5,40,Free,6006598882
10215257,Jardins del Mirador del Alcalde,https://www.tripadvisor.com/Attraction_Review-g187497-d10215257-Reviews-Jardins_del_Mirador_del_Alcalde-Barcelona_Catalonia.html,188,4.0,49,Free,8677601965
3139274,Iglesia de San Jaime,https://www.tripadvisor.com/Attraction_Review-g187497-d3139274-Reviews-Iglesia_de_San_Jaime-Barcelona_Catalonia.html,186,4.0,55,Free,2107254995
6434373,Placa de la Virreina,https://www.tripadvisor.com/Attraction_Review-g187497-d6434373-Reviews-Placa_de_la_Virreina-Barcelona_Catalonia.html,222,4.5,27,Free,1355861498
10340402,Gran Lago del Parque de la Ciudadela,https://www.tripadvisor.com/Attraction_Review-g187497-d10340402-Reviews-Gran_Lago_del_Parque_de_la_Ciudadela-Barcelona_Catalonia.html,203,4.0,45,Free,8277422017
8376916,Parc de la Ciutadella Centre Esportiu Municipal,https://www.tripadvisor.com/Attraction_Review-g187497-d8376916-Reviews-Parc_de_la_Ciutadella_Centre_Esportiu_Municipal-Barcelona_Catalonia.html,194,4.5,42,Free,7257672463
14059148,Rambla Del Raval,https://www.tripadvisor.com/Attraction_Review-g187497-d14059148-Reviews-Rambla_Del_Raval-Barcelona_Catalonia.html,406,3.5,24,Free,7264309351
2223627,Museu Diocesà de Barcelona,https://www.tripadvisor.com/Attraction_Review-g187497-d2223627-Reviews-Museu_Diocesa_de_Barcelona-Barcelona_Catalonia.html,209,4.5,33,Free,4906860944
4880672,Parroquia de San Agustin,https://www.tripadvisor.com/Attraction_Review-g187497-d4880672-Reviews-Parroquia_de_San_Agustin-Barcelona_Catalonia.html,360,4.0,24,Free,6486414699
1192310,Col·legi d'Arquitectes de Catalunya,https://www.tripadvisor.com/Attraction_Review-g187497-d1192310-Reviews-Col_legi_d_Arquitectes_de_Catalunya-Barcelona_Catalonia.html,173,3.5,113,Free,4512288486
10535133,Esglesia de l'hospital de la Santa Creu i Santa Pau,https://www.tripadvisor.com/Attraction_Review-g187497-d10535133-Reviews-Esglesia_de_l_hospital_de_la_Santa_Creu_i_Santa_Pau-Barcelona_Catalonia.html,322,4.5,25,Free,3818855152
13447182,Eixample Teatre,https://www.tripadvisor.com/Attraction_Review-g187497-d13447182-Reviews-Eixample_Teatre-Barcelona_Catalonia.html,185,4.5,25,Free,5343415890
8614069,Flirty Giraffe,https://www.tripadvisor.com/Attraction_Review-g187497-d8614069-Reviews-Flirty_Giraffe-Barcelona_Catalonia.html,240,4.0,36,Free,3591989774
8797192,Mercat de la Llibertat,https://www.tripadvisor.com/Attraction_Review-g187497-d8797192-Reviews-Mercat_de_la_Llibertat-Barcelona_Catalonia.html,223,4.5,32,Free,3920659994
12301106,Jardins Sagrada Familia,https://www.tripadvisor.com/Attraction_Review-g187497-d12301106-Reviews-Jardins_Sagrada_Familia-Barcelona_Catalonia.html,244,4.0,35,Free,3508088193
10256990,Escultura Carmela,https://www.tripadvisor.com/Attraction_Review-g187497-d10256990-Reviews-Escultura_Carmela-Barcelona_Catalonia.html,258,4.0,26,Free,3463253848
6857198,Enrique Tomas,https://www.tripadvisor.com/Attraction_Review-g187497-d6857198-Reviews-Enrique_Tomas-Barcelona_Catalonia.html,202,4.5,41,Free,6845525526
313697,Placa de Rius i Taulet,https://www.tripadvisor.com/Attraction_Review-g187497-d313697-Reviews-Placa_de_Rius_i_Taulet-Barcelona_Catalonia.html,184,4.5,43,Free,9533854404
7008573,Font de Canaletes,https://www.tripadvisor.com/Attraction_Review-g187497-d7008573-Reviews-Font_de_Canaletes-Barcelona_Catalonia.html,210,3.5,140,Free,9513236619
1192270,Los Pabellones de la Finca Guell,https://www.tripadvisor.com/Attraction_Review-g187497-d1192270-Reviews-Los_Pabellones_de_la_Finca_Guell-Barcelona_Catalonia.html,377,3.5,202,Free,3881631052
8786845,Mercat de mercats,https://www.tripadvisor.com/Attraction_Review-g187497-d8786845-Reviews-Mercat_de_mercats-Barcelona_Catalonia.html,326,4.5,18,Free,1370469037
7712595,University of Barcelona,https://www.tripadvisor.com/Attraction_Review-g187497-d7712595-Reviews-University_of_Barcelona-Barcelona_Catalonia.html,195,4.0,46,Free,5258247769
11932628,Monument to Frederic Soler i Hubert,https://www.tripadvisor.com/Attraction_Review-g187497-d11932628-Reviews-Monument_to_Frederic_Soler_i_Hubert-Barcelona_Catalonia.html,343,3.5,33,Free,4347927815
10491280,Fuente de las Tres Gracias,https://www.tripadvisor.com/Attraction_Review-g187497-d10491280-Reviews-Fuente_de_las_Tres_Gracias-Barcelona_Catalonia.html,200,4.0,48,Free,8102543418
592191,Plaça George Orwell,https://www.tripadvisor.com/Attraction_Review-g187497-d592191-Reviews-Placa_George_Orwell-Barcelona_Catalonia.html,478,3.5,51,Free,4088465285
8563289,Calatrava Tower,https://www.tripadvisor.com/Attraction_Review-g187497-d8563289-Reviews-Calatrava_Tower-Barcelona_Catalonia.html,207,4.0,44,Free,8250403446
10093192,Parlament de Catalunya,https://www.tripadvisor.com/Attraction_Review-g187497-d10093192-Reviews-Parlament_de_Catalunya-Barcelona_Catalonia.html,205,4.0,44,Free,1456173997
8807461,Font de Santa Anna,https://www.tripadvisor.com/Attraction_Review-g187497-d8807461-Reviews-Font_de_Santa_Anna-Barcelona_Catalonia.html,243,4.0,41,Free,8628783730
313684,Casa Bruno Quadros,https://www.tripadvisor.com/Attraction_Review-g187497-d313684-Reviews-Casa_Bruno_Quadros-Barcelona_Catalonia.html,129,4.0,105,Free,9118202460
523834,Parque de la España Industrial,https://www.tripadvisor.com/Attraction_Review-g187497-d523834-Reviews-Parque_de_la_Espana_Industrial-Barcelona_Catalonia.html,324,3.5,124,Free,5629025015
3367732,Piscines Bernat Picornell,https://www.tripadvisor.com/Attraction_Review-g187497-d3367732-Reviews-Piscines_Bernat_Picornell-Barcelona_Catalonia.html,404,3.5,61,Free,7937678849
1418571,Centro de Convenciones Internacional de Barcelona,https://www.tripadvisor.com/Attraction_Review-g187497-d1418571-Reviews-Centro_de_Convenciones_Internacional_de_Barcelona-Barcelona_Catalonia.html,174,4.0,71,Free,8893307508
6500682,Porta de la Finca Miralles,https://www.tripadvisor.com/Attraction_Review-g187497-d6500682-Reviews-Porta_de_la_Finca_Miralles-Barcelona_Catalonia.html,198,4.0,53,Free,4698781345
240504,Desconsol,https://www.tripadvisor.com/Attraction_Review-g187497-d240504-Reviews-Desconsol-Barcelona_Catalonia.html,124,4.5,75,Free,8496098814
9805865,Barts,https://www.tripadvisor.com/Attraction_Review-g187497-d9805865-Reviews-Barts-Barcelona_Catalonia.html,302,4.0,36,Free,9588942962
8734190,Jardins de La Tamarita,https://www.tripadvisor.com/Attraction_Review-g187497-d8734190-Reviews-Jardins_de_La_Tamarita-Barcelona_Catalonia.html,323,4.5,21,Free,8076920069
10819859,Plaza Sant Miquel,https://www.tripadvisor.com/Attraction_Review-g187497-d10819859-Reviews-Plaza_Sant_Miquel-Barcelona_Catalonia.html,483,3.5,28,Free,3515041189
15668683,JuegaRV Barcelona,https://www.tripadvisor.com/Attraction_Review-g187497-d15668683-Reviews-JuegaRV_Barcelona-Barcelona_Catalonia.html,109,5.0,34,Free,4434518672
10020538,Barcelona Beach Festival,https://www.tripadvisor.com/Attraction_Review-g187497-d10020538-Reviews-Barcelona_Beach_Festival-Barcelona_Catalonia.html,401,4.0,32,Free,7449478496
11737112,Antigua Fabrica Estrella Damm,https://www.tripadvisor.com/Attraction_Review-g187497-d11737112-Reviews-Antigua_Fabrica_Estrella_Damm-Barcelona_Catalonia.html,374,4.0,19,8.279999732971191,4317069097
8862070,Mercat Sagrada Familia,https://www.tripadvisor.com/Attraction_Review-g187497-d8862070-Reviews-Mercat_Sagrada_Familia-Barcelona_Catalonia.html,346,4.0,33,Free,1533778709
4498104,Royal Artistic Circle of Barcelona,https://www.tripadvisor.com/Attraction_Review-g187497-d4498104-Reviews-Royal_Artistic_Circle_of_Barcelona-Barcelona_Catalonia.html,359,3.5,58,Free,9250708891
13998749,Avinguda Reina Maria Cristina,https://www.tripadvisor.com/Attraction_Review-g187497-d13998749-Reviews-Avinguda_Reina_Maria_Cristina-Barcelona_Catalonia.html,300,4.5,16,Free,9782506275
9859074,Monumento a Mosen Jacint Verdaguer,https://www.tripadvisor.com/Attraction_Review-g187497-d9859074-Reviews-Monumento_a_Mosen_Jacint_Verdaguer-Barcelona_Catalonia.html,356,3.5,36,Free,2312420089
10491414,Parc de l'Estacio del Nord,https://www.tripadvisor.com/Attraction_Review-g187497-d10491414-Reviews-Parc_de_l_Estacio_del_Nord-Barcelona_Catalonia.html,298,4.0,26,Free,7375112536
10171290,Teatre Goya,https://www.tripadvisor.com/Attraction_Review-g187497-d10171290-Reviews-Teatre_Goya-Barcelona_Catalonia.html,223,4.5,29,Free,6608360736
11964151,Tren de l'Oreneta,https://www.tripadvisor.com/Attraction_Review-g187497-d11964151-Reviews-Tren_de_l_Oreneta-Barcelona_Catalonia.html,437,5.0,18,Free,4809294369
15208082,RENFE,https://www.tripadvisor.com/Attraction_Review-g187497-d15208082-Reviews-RENFE-Barcelona_Catalonia.html,248,4.0,47,Free,7507806003
3480069,Villa del Arte Galleries,https://www.tripadvisor.com/Attraction_Review-g187497-d3480069-Reviews-Villa_del_Arte_Galleries-Barcelona_Catalonia.html,236,4.5,24,Free,2432110735
8857417,Santuari de la Mare de Deu Del Carme Barcelona,https://www.tripadvisor.com/Attraction_Review-g187497-d8857417-Reviews-Santuari_de_la_Mare_de_Deu_Del_Carme_Barcelona-Barcelona_Catalonia.html,242,4.0,25,Free,9137659970
12352280,Baleària,https://www.tripadvisor.com/Attraction_Review-g187497-d12352280-Reviews-Balearia-Barcelona_Catalonia.html,814,2.0,73,Free,3245391866
10175605,Teatre Condal,https://www.tripadvisor.com/Attraction_Review-g187497-d10175605-Reviews-Teatre_Condal-Barcelona_Catalonia.html,444,4.0,16,Free,9370792544
1418568,Barcelona Fira Montjuic Hall of Conferences,https://www.tripadvisor.com/Attraction_Review-g187497-d1418568-Reviews-Barcelona_Fira_Montjuic_Hall_of_Conferences-Barcelona_Catalonia.html,172,4.0,106,Free,5550299132
8862038,Palacio Real de Pedralbes,https://www.tripadvisor.com/Attraction_Review-g187497-d8862038-Reviews-Palacio_Real_de_Pedralbes-Barcelona_Catalonia.html,368,4.0,33,Free,7761756948
10600103,Casa Golferichs,https://www.tripadvisor.com/Attraction_Review-g187497-d10600103-Reviews-Casa_Golferichs-Barcelona_Catalonia.html,354,4.5,15,Free,2627135016
8820333,Primavera Sound Barcelona,https://www.tripadvisor.com/Attraction_Review-g187497-d8820333-Reviews-Primavera_Sound_Barcelona-Barcelona_Catalonia.html,327,4.0,41,Free,3752667134
10043419,Monumento Francesc Masia,https://www.tripadvisor.com/Attraction_Review-g187497-d10043419-Reviews-Monumento_Francesc_Masia-Barcelona_Catalonia.html,325,3.5,48,Free,2746775542
6499629,Church of San Felipe Neri,https://www.tripadvisor.com/Attraction_Review-g187497-d6499629-Reviews-Church_of_San_Felipe_Neri-Barcelona_Catalonia.html,321,4.0,41,Free,2530769673
8610971,Casa Thomas,https://www.tripadvisor.com/Attraction_Review-g187497-d8610971-Reviews-Casa_Thomas-Barcelona_Catalonia.html,388,4.0,20,Free,1649210240
8598951,Mirador del Poble Sec,https://www.tripadvisor.com/Attraction_Review-g187497-d8598951-Reviews-Mirador_del_Poble_Sec-Barcelona_Catalonia.html,341,4.0,33,Free,9388590838
2235346,Fran Daurel Foundation (Fundacio Fran Daurel),https://www.tripadvisor.com/Attraction_Review-g187497-d2235346-Reviews-Fran_Daurel_Foundation_Fundacio_Fran_Daurel-Barcelona_Catalonia.html,253,4.5,24,13.050000190734863,6011427191
17561580,Massimo Dutti,https://www.tripadvisor.com/Attraction_Review-g187497-d17561580-Reviews-Massimo_Dutti-Barcelona_Catalonia.html,440,5.0,5,Free,9071410783
7735950,Jardines del Turo del Putxet,https://www.tripadvisor.com/Attraction_Review-g187497-d7735950-Reviews-Jardines_del_Turo_del_Putxet-Barcelona_Catalonia.html,221,4.5,26,Free,7349895879
9571023,Mosaic del Pla de l'Os,https://www.tripadvisor.com/Attraction_Review-g187497-d9571023-Reviews-Mosaic_del_Pla_de_l_Os-Barcelona_Catalonia.html,212,4.0,60,Free,7009318086
9821686,Jardins de Rubió i Lluch,https://www.tripadvisor.com/Attraction_Review-g187497-d9821686-Reviews-Jardins_de_Rubio_i_Lluch-Barcelona_Catalonia.html,348,4.0,35,Free,9811732007
10538407,Fanals,https://www.tripadvisor.com/Attraction_Review-g187497-d10538407-Reviews-Fanals-Barcelona_Catalonia.html,256,4.0,30,Free,3505849410
8610896,Casa Serra,https://www.tripadvisor.com/Attraction_Review-g187497-d8610896-Reviews-Casa_Serra-Barcelona_Catalonia.html,296,4.5,26,Free,1462412816
8526772,El Fossar de les Moreres,https://www.tripadvisor.com/Attraction_Review-g187497-d8526772-Reviews-El_Fossar_de_les_Moreres-Barcelona_Catalonia.html,351,3.5,52,Free,1669982670
10713220,Playa de Sant Miquel,https://www.tripadvisor.com/Attraction_Review-g187497-d10713220-Reviews-Playa_de_Sant_Miquel-Barcelona_Catalonia.html,364,4.0,29,Free,2306575547
8544847,Parroquia Purisima Concepcion,https://www.tripadvisor.com/Attraction_Review-g187497-d8544847-Reviews-Parroquia_Purisima_Concepcion-Barcelona_Catalonia.html,369,4.0,20,Free,8576854649
9706593,Salo del Tinell,https://www.tripadvisor.com/Attraction_Review-g187497-d9706593-Reviews-Salo_del_Tinell-Barcelona_Catalonia.html,380,4.5,15,Free,3692609267
2223579,Museu de Carrosses Funebres,https://www.tripadvisor.com/Attraction_Review-g187497-d2223579-Reviews-Museu_de_Carrosses_Funebres-Barcelona_Catalonia.html,426,4.0,19,Free,6125874122
10086735,Placa Tetuan,https://www.tripadvisor.com/Attraction_Review-g187497-d10086735-Reviews-Placa_Tetuan-Barcelona_Catalonia.html,413,3.5,22,Free,2373740612
11807755,SOM Multiespai,https://www.tripadvisor.com/Attraction_Review-g187497-d11807755-Reviews-SOM_Multiespai-Barcelona_Catalonia.html,794,3.0,28,Free,6008054187
8614075,El Toro Pensador,https://www.tripadvisor.com/Attraction_Review-g187497-d8614075-Reviews-El_Toro_Pensador-Barcelona_Catalonia.html,251,4.0,33,Free,7978493269
2218960,Museo del Perfume (Museum of Perfume),https://www.tripadvisor.com/Attraction_Review-g187497-d2218960-Reviews-Museo_del_Perfume_Museum_of_Perfume-Barcelona_Catalonia.html,706,3.0,43,Free,1241779468
11930450,La Deessa,https://www.tripadvisor.com/Attraction_Review-g187497-d11930450-Reviews-La_Deessa-Barcelona_Catalonia.html,379,4.0,18,Free,7183842659
8807625,Palau de Lloctinent,https://www.tripadvisor.com/Attraction_Review-g187497-d8807625-Reviews-Palau_de_Lloctinent-Barcelona_Catalonia.html,216,4.0,33,Free,7930162405
8677305,Aventura Park Barcelona,https://www.tripadvisor.com/Attraction_Review-g187497-d8677305-Reviews-Aventura_Park_Barcelona-Barcelona_Catalonia.html,412,4.0,25,29.530000686645508,6669234156
7390331,Torre de les Aigues del Besos,https://www.tripadvisor.com/Attraction_Review-g187497-d7390331-Reviews-Torre_de_les_Aigues_del_Besos-Barcelona_Catalonia.html,252,4.5,31,Free,5775573099
14765486,Quatre Columnes,https://www.tripadvisor.com/Attraction_Review-g187497-d14765486-Reviews-Quatre_Columnes-Barcelona_Catalonia.html,295,4.5,20,Free,5268930703
8422039,Real Santuario San Jose de la Montana,https://www.tripadvisor.com/Attraction_Review-g187497-d8422039-Reviews-Real_Santuario_San_Jose_de_la_Montana-Barcelona_Catalonia.html,226,4.5,28,Free,1711994664
7788447,Teatre Romea,https://www.tripadvisor.com/Attraction_Review-g187497-d7788447-Reviews-Teatre_Romea-Barcelona_Catalonia.html,355,4.5,19,Free,2988226630
244897,L'Auditori,https://www.tripadvisor.com/Attraction_Review-g187497-d244897-Reviews-L_Auditori-Barcelona_Catalonia.html,259,4.0,51,Free,8024492722
9764670,Miraestels,https://www.tripadvisor.com/Attraction_Review-g187497-d9764670-Reviews-Miraestels-Barcelona_Catalonia.html,231,4.0,38,Free,1159291610
531596,Casa Macaia (Palau Macaya),https://www.tripadvisor.com/Attraction_Review-g187497-d531596-Reviews-Casa_Macaia_Palau_Macaya-Barcelona_Catalonia.html,362,4.0,35,Free,2087804724
6673955,Tramvia Blau,https://www.tripadvisor.com/Attraction_Review-g187497-d6673955-Reviews-Tramvia_Blau-Barcelona_Catalonia.html,517,3.0,143,Free,1599711673
10538617,Casa Perez Samanillo,https://www.tripadvisor.com/Attraction_Review-g187497-d10538617-Reviews-Casa_Perez_Samanillo-Barcelona_Catalonia.html,411,4.5,11,Free,1077614169
3678721,Jardines de la Torre de Les Aigues,https://www.tripadvisor.com/Attraction_Review-g187497-d3678721-Reviews-Jardines_de_la_Torre_de_Les_Aigues-Barcelona_Catalonia.html,433,4.0,32,Free,4741250559
244902,Teatre Nacional de Catalunya - TNC,https://www.tripadvisor.com/Attraction_Review-g187497-d244902-Reviews-Teatre_Nacional_de_Catalunya_TNC-Barcelona_Catalonia.html,382,4.0,63,Free,6999206497
7055716,Refugio Antiaereo de la Placa Del Diamant,https://www.tripadvisor.com/Attraction_Review-g187497-d7055716-Reviews-Refugio_Antiaereo_de_la_Placa_Del_Diamant-Barcelona_Catalonia.html,260,4.5,28,Free,9001144921
15087184,Iris Foto Barcelona,https://www.tripadvisor.com/Attraction_Review-g187497-d15087184-Reviews-Iris_Foto_Barcelona-Barcelona_Catalonia.html,448,5.0,5,Free,2935994736
10065909,Monumento a Rius i Taulet,https://www.tripadvisor.com/Attraction_Review-g187497-d10065909-Reviews-Monumento_a_Rius_i_Taulet-Barcelona_Catalonia.html,358,4.0,21,Free,8292584408
12643730,Placa Garriga i Bachs,https://www.tripadvisor.com/Attraction_Review-g187497-d12643730-Reviews-Placa_Garriga_i_Bachs-Barcelona_Catalonia.html,414,4.0,11,Free,4236732378
17639374,Montjuïc Funicular,https://www.tripadvisor.com/Attraction_Review-g187497-d17639374-Reviews-Montjuic_Funicular-Barcelona_Catalonia.html,218,4.0,31,Free,2441010018
244904,Teatre Principal,https://www.tripadvisor.com/Attraction_Review-g187497-d244904-Reviews-Teatre_Principal-Barcelona_Catalonia.html,410,4.0,42,Free,2967528606
10231433,Edificio Telefonica Diagonal,https://www.tripadvisor.com/Attraction_Review-g187497-d10231433-Reviews-Edificio_Telefonica_Diagonal-Barcelona_Catalonia.html,370,4.0,25,Free,8786153991
10230877,Playa de Llevant,https://www.tripadvisor.com/Attraction_Review-g187497-d10230877-Reviews-Playa_de_Llevant-Barcelona_Catalonia.html,496,3.5,19,Free,2066273842
1976641,University of Pompeu Fabra,https://www.tripadvisor.com/Attraction_Review-g187497-d1976641-Reviews-University_of_Pompeu_Fabra-Barcelona_Catalonia.html,597,3.5,14,Free,4460074283
9570223,Parc de les Cascades,https://www.tripadvisor.com/Attraction_Review-g187497-d9570223-Reviews-Parc_de_les_Cascades-Barcelona_Catalonia.html,445,3.5,26,Free,7649137861
10682799,Parroquia Santa Teresa de l'Infant Jesus,https://www.tripadvisor.com/Attraction_Review-g187497-d10682799-Reviews-Parroquia_Santa_Teresa_de_l_Infant_Jesus-Barcelona_Catalonia.html,491,4.5,6,Free,6358085729
10256497,Parque Turo,https://www.tripadvisor.com/Attraction_Review-g187497-d10256497-Reviews-Parque_Turo-Barcelona_Catalonia.html,463,4.0,17,Free,9636199091
1606662,Barcelona Bosc Urba,https://www.tripadvisor.com/Attraction_Review-g187497-d1606662-Reviews-Barcelona_Bosc_Urba-Barcelona_Catalonia.html,416,3.5,58,Free,6368149329
1467904,Ethnology Museum of Barcelona,https://www.tripadvisor.com/Attraction_Review-g187497-d1467904-Reviews-Ethnology_Museum_of_Barcelona-Barcelona_Catalonia.html,508,3.5,39,Free,7546715154
2223526,MUHBA - El Call,https://www.tripadvisor.com/Attraction_Review-g187497-d2223526-Reviews-MUHBA_El_Call-Barcelona_Catalonia.html,400,4.0,35,Free,4623262285
10592815,Bancs Fanals,https://www.tripadvisor.com/Attraction_Review-g187497-d10592815-Reviews-Bancs_Fanals-Barcelona_Catalonia.html,239,4.0,33,Free,5995431037
3518832,Artevistas Gallery,https://www.tripadvisor.com/Attraction_Review-g187497-d3518832-Reviews-Artevistas_Gallery-Barcelona_Catalonia.html,196,4.5,47,Free,1784236498
11773948,FGC Ferrocarrils de la Generalitat de Catalunya,https://www.tripadvisor.com/Attraction_Review-g187497-d11773948-Reviews-FGC_Ferrocarrils_de_la_Generalitat_de_Catalunya-Barcelona_Catalonia.html,394,4.0,25,Free,2171232718
7002028,La Garrafa dels Beatles,https://www.tripadvisor.com/Attraction_Review-g187497-d7002028-Reviews-La_Garrafa_dels_Beatles-Barcelona_Catalonia.html,421,4.0,19,Free,7413538372
8685987,Pailebot de Santa Eulalia,https://www.tripadvisor.com/Attraction_Review-g187497-d8685987-Reviews-Pailebot_de_Santa_Eulalia-Barcelona_Catalonia.html,452,4.0,13,Free,3834948872
9705588,Capella de Santa Agata,https://www.tripadvisor.com/Attraction_Review-g187497-d9705588-Reviews-Capella_de_Santa_Agata-Barcelona_Catalonia.html,373,4.5,18,Free,1721925294
10445408,Immersión con tiburones Aquarium Barcelona,https://www.tripadvisor.com/Attraction_Review-g187497-d10445408-Reviews-Immersion_con_tiburones_Aquarium_Barcelona-Barcelona_Catalonia.html,328,4.0,39,Free,8240256523
8807616,Municipal Conservatory of Barcelona,https://www.tripadvisor.com/Attraction_Review-g187497-d8807616-Reviews-Municipal_Conservatory_of_Barcelona-Barcelona_Catalonia.html,386,4.5,13,Free,3584730045
8692638,Edifici de la Caixa de Pensions,https://www.tripadvisor.com/Attraction_Review-g187497-d8692638-Reviews-Edifici_de_la_Caixa_de_Pensions-Barcelona_Catalonia.html,349,4.0,25,Free,3223479001
10021405,Mercat de Galvany,https://www.tripadvisor.com/Attraction_Review-g187497-d10021405-Reviews-Mercat_de_Galvany-Barcelona_Catalonia.html,442,4.0,22,Free,9888368338
13003921,Parroquia de Sant Miquel del Port,https://www.tripadvisor.com/Attraction_Review-g187497-d13003921-Reviews-Parroquia_de_Sant_Miquel_del_Port-Barcelona_Catalonia.html,550,3.5,10,Free,7330082159
4937053,Palau Montaner,https://www.tripadvisor.com/Attraction_Review-g187497-d4937053-Reviews-Palau_Montaner-Barcelona_Catalonia.html,352,4.5,20,Free,7948820915
14004883,Aquitania Teatre,https://www.tripadvisor.com/Attraction_Review-g187497-d14004883-Reviews-Aquitania_Teatre-Barcelona_Catalonia.html,398,4.0,14,Free,5727561801
14001384,Plaza de Vicenc Martorell,https://www.tripadvisor.com/Attraction_Review-g187497-d14001384-Reviews-Plaza_de_Vicenc_Martorell-Barcelona_Catalonia.html,522,5.0,4,Free,9711351181
8273053,Skating Club,https://www.tripadvisor.com/Attraction_Review-g187497-d8273053-Reviews-Skating_Club-Barcelona_Catalonia.html,473,3.5,33,Free,9881857687
7349560,Jardins del Palau de les Heures,https://www.tripadvisor.com/Attraction_Review-g187497-d7349560-Reviews-Jardins_del_Palau_de_les_Heures-Barcelona_Catalonia.html,432,4.0,12,Free,6909373407
13289877,La Casa Ramos,https://www.tripadvisor.com/Attraction_Review-g187497-d13289877-Reviews-La_Casa_Ramos-Barcelona_Catalonia.html,500,4.5,5,Free,8614265908
8321696,Monestir de Santa Maria de Valldonzella,https://www.tripadvisor.com/Attraction_Review-g187497-d8321696-Reviews-Monestir_de_Santa_Maria_de_Valldonzella-Barcelona_Catalonia.html,423,4.5,11,Free,7043580086
10459206,ArticketBCN: Barcelona Museum Pass,https://www.tripadvisor.com/Attraction_Review-g187497-d10459206-Reviews-ArticketBCN_Barcelona_Museum_Pass-Barcelona_Catalonia.html,439,4.0,23,Free,2917317873
10538430,Parc del Clot,https://www.tripadvisor.com/Attraction_Review-g187497-d10538430-Reviews-Parc_del_Clot-Barcelona_Catalonia.html,371,4.0,21,Free,2412267969
8820360,Sonar Festival,https://www.tripadvisor.com/Attraction_Review-g187497-d8820360-Reviews-Sonar_Festival-Barcelona_Catalonia.html,378,4.5,20,Free,9793790721
8807630,Casa Llopis i Bofill,https://www.tripadvisor.com/Attraction_Review-g187497-d8807630-Reviews-Casa_Llopis_i_Bofill-Barcelona_Catalonia.html,409,4.5,11,Free,2926754611
9986707,Anfiteatro Anatomico,https://www.tripadvisor.com/Attraction_Review-g187497-d9986707-Reviews-Anfiteatro_Anatomico-Barcelona_Catalonia.html,418,4.5,16,Free,5124146218
8627151,Ramon Berenguer III,https://www.tripadvisor.com/Attraction_Review-g187497-d8627151-Reviews-Ramon_Berenguer_III-Barcelona_Catalonia.html,384,4.0,17,Free,9281843499
8498163,Parc de la Trinitat,https://www.tripadvisor.com/Attraction_Review-g187497-d8498163-Reviews-Parc_de_la_Trinitat-Barcelona_Catalonia.html,542,4.0,10,Free,5487930795
240501,Teatre Borràs,https://www.tripadvisor.com/Attraction_Review-g187497-d240501-Reviews-Teatre_Borras-Barcelona_Catalonia.html,796,3.0,31,Free,5621460321
12622440,Mercat Port Antic,https://www.tripadvisor.com/Attraction_Review-g187497-d12622440-Reviews-Mercat_Port_Antic-Barcelona_Catalonia.html,798,3.5,14,Free,6153810445
10264171,Parque de la Barceloneta,https://www.tripadvisor.com/Attraction_Review-g187497-d10264171-Reviews-Parque_de_la_Barceloneta-Barcelona_Catalonia.html,408,4.0,21,Free,4833103057
11930469,Hercules,https://www.tripadvisor.com/Attraction_Review-g187497-d11930469-Reviews-Hercules-Barcelona_Catalonia.html,407,4.0,14,Free,4096548390
8321570,Hibernian Books,https://www.tripadvisor.com/Attraction_Review-g187497-d8321570-Reviews-Hibernian_Books-Barcelona_Catalonia.html,515,3.5,18,Free,2922801990
11810740,Begemot Art & Fashion Gallery,https://www.tripadvisor.com/Attraction_Review-g187497-d11810740-Reviews-Begemot_Art_Fashion_Gallery-Barcelona_Catalonia.html,139,5.0,40,Free,3475828041
8627215,Homenatge Als Castellers,https://www.tripadvisor.com/Attraction_Review-g187497-d8627215-Reviews-Homenatge_Als_Castellers-Barcelona_Catalonia.html,604,3.5,44,Free,6160260047
10065946,Monumento a Roger de Lluria,https://www.tripadvisor.com/Attraction_Review-g187497-d10065946-Reviews-Monumento_a_Roger_de_Lluria-Barcelona_Catalonia.html,389,4.0,19,Free,4094600891
6727157,Espais Volart,https://www.tripadvisor.com/Attraction_Review-g187497-d6727157-Reviews-Espais_Volart-Barcelona_Catalonia.html,303,5.0,17,Free,3578611749
10592716,Esglesia de Sant Andreu de Palomar,https://www.tripadvisor.com/Attraction_Review-g187497-d10592716-Reviews-Esglesia_de_Sant_Andreu_de_Palomar-Barcelona_Catalonia.html,403,4.5,11,Free,3948766405
19455163,Ideal-Centre Arts Digitals,https://www.tripadvisor.com/Attraction_Review-g187497-d19455163-Reviews-Ideal_Centre_Arts_Digitals-Barcelona_Catalonia.html,164,5.0,9,Free,1298053395
10209665,Monument al general Prim,https://www.tripadvisor.com/Attraction_Review-g187497-d10209665-Reviews-Monument_al_general_Prim-Barcelona_Catalonia.html,446,3.5,35,Free,7803656941
10296861,Wallace fountain,https://www.tripadvisor.com/Attraction_Review-g187497-d10296861-Reviews-Wallace_fountain-Barcelona_Catalonia.html,353,4.0,23,Free,7224763089
8685983,La font de la Granota,https://www.tripadvisor.com/Attraction_Review-g187497-d8685983-Reviews-La_font_de_la_Granota-Barcelona_Catalonia.html,357,4.0,20,Free,8928179442
10592599,Central Catalana de Electricidad,https://www.tripadvisor.com/Attraction_Review-g187497-d10592599-Reviews-Central_Catalana_de_Electricidad-Barcelona_Catalonia.html,396,4.5,11,Free,2122121223
14287984,Passatge Sert,https://www.tripadvisor.com/Attraction_Review-g187497-d14287984-Reviews-Passatge_Sert-Barcelona_Catalonia.html,504,4.5,6,Free,9512863927
16781808,Palau de la Balmesiana,https://www.tripadvisor.com/Attraction_Review-g187497-d16781808-Reviews-Palau_de_la_Balmesiana-Barcelona_Catalonia.html,431,4.5,6,Free,4985977204
2669781,Bubbleparc,https://www.tripadvisor.com/Attraction_Review-g187497-d2669781-Reviews-Bubbleparc-Barcelona_Catalonia.html,520,4.0,13,15.539999961853027,3788011269
10592702,Font del Geni Catala,https://www.tripadvisor.com/Attraction_Review-g187497-d10592702-Reviews-Font_del_Geni_Catala-Barcelona_Catalonia.html,402,4.0,14,Free,9494233506
14055509,Iglesia Sant Ramon De Penyafort,https://www.tripadvisor.com/Attraction_Review-g187497-d14055509-Reviews-Iglesia_Sant_Ramon_De_Penyafort-Barcelona_Catalonia.html,467,4.0,8,Free,5688207013
4752027,Parque del Centro de Poblenou,https://www.tripadvisor.com/Attraction_Review-g187497-d4752027-Reviews-Parque_del_Centro_de_Poblenou-Barcelona_Catalonia.html,345,4.0,47,Free,6417234358
15053809,Stocks el Granero Barcelona,https://www.tripadvisor.com/Attraction_Review-g187497-d15053809-Reviews-Stocks_el_Granero_Barcelona-Barcelona_Catalonia.html,450,5.0,5,Free,1982923051
244860,Mercat de les Flors,https://www.tripadvisor.com/Attraction_Review-g187497-d244860-Reviews-Mercat_de_les_Flors-Barcelona_Catalonia.html,312,4.5,32,Free,3262649305
17469356,Fútbol Emotion Barcelona,https://www.tripadvisor.com/Attraction_Review-g187497-d17469356-Reviews-Futbol_Emotion_Barcelona-Barcelona_Catalonia.html,420,5.0,6,Free,1140443314
12544426,Jardins de Joan Brossa,https://www.tripadvisor.com/Attraction_Review-g187497-d12544426-Reviews-Jardins_de_Joan_Brossa-Barcelona_Catalonia.html,689,3.0,11,Free,4267796659
8089839,The Centre de la Vila,https://www.tripadvisor.com/Attraction_Review-g187497-d8089839-Reviews-The_Centre_de_la_Vila-Barcelona_Catalonia.html,742,3.0,20,Free,8306765355
8736833,Banco Espanol de Credito,https://www.tripadvisor.com/Attraction_Review-g187497-d8736833-Reviews-Banco_Espanol_de_Credito-Barcelona_Catalonia.html,435,3.5,24,Free,1265601119
17750898,Gallery Ex Machina,https://www.tripadvisor.com/Attraction_Review-g187497-d17750898-Reviews-Gallery_Ex_Machina-Barcelona_Catalonia.html,316,5.0,11,Free,4027455040
14048734,Jardines De Mossen Cinto Verdaguer,https://www.tripadvisor.com/Attraction_Review-g187497-d14048734-Reviews-Jardines_De_Mossen_Cinto_Verdaguer-Barcelona_Catalonia.html,427,4.5,7,Free,3263338623
8685995,Casa Damians,https://www.tripadvisor.com/Attraction_Review-g187497-d8685995-Reviews-Casa_Damians-Barcelona_Catalonia.html,255,4.0,45,Free,6062333543
13738059,Ateneu Barcelonès,https://www.tripadvisor.com/Attraction_Review-g187497-d13738059-Reviews-Ateneu_Barcelones-Barcelona_Catalonia.html,540,4.0,7,Free,1524647753
7149102,Parc de l'Oreneta,https://www.tripadvisor.com/Attraction_Review-g187497-d7149102-Reviews-Parc_de_l_Oreneta-Barcelona_Catalonia.html,531,3.5,31,Free,9374993109
4466782,Casa Marfa,https://www.tripadvisor.com/Attraction_Review-g187497-d4466782-Reviews-Casa_Marfa-Barcelona_Catalonia.html,383,4.0,20,Free,5467175594
11548121,Arquivo Historico da Cidade de Barcelona,https://www.tripadvisor.com/Attraction_Review-g187497-d11548121-Reviews-Arquivo_Historico_da_Cidade_de_Barcelona-Barcelona_Catalonia.html,363,4.0,16,Free,1299371510
12920026,Casa Planells,https://www.tripadvisor.com/Attraction_Review-g187497-d12920026-Reviews-Casa_Planells-Barcelona_Catalonia.html,566,3.5,7,Free,3570883509
240760,Fira d'Antiquaris,https://www.tripadvisor.com/Attraction_Review-g187497-d240760-Reviews-Fira_d_Antiquaris-Barcelona_Catalonia.html,535,3.5,13,Free,8328792841
8308723,Gimnasio Puro Impacto Barcelona,https://www.tripadvisor.com/Attraction_Review-g187497-d8308723-Reviews-Gimnasio_Puro_Impacto_Barcelona-Barcelona_Catalonia.html,376,5.0,12,Free,2933327723
8807615,Casa Pich i Pon,https://www.tripadvisor.com/Attraction_Review-g187497-d8807615-Reviews-Casa_Pich_i_Pon-Barcelona_Catalonia.html,371,4.0,25,Free,2988554554
4758992,Port Masnou,https://www.tripadvisor.com/Attraction_Review-g187497-d4758992-Reviews-Port_Masnou-Barcelona_Catalonia.html,381,4.0,21,Free,5738635818
1988114,High Court of Justice of Catalonia,https://www.tripadvisor.com/Attraction_Review-g187497-d1988114-Reviews-High_Court_of_Justice_of_Catalonia-Barcelona_Catalonia.html,350,4.5,15,Free,1539001578
12495392,Parc Del Port Olimpic,https://www.tripadvisor.com/Attraction_Review-g187497-d12495392-Reviews-Parc_Del_Port_Olimpic-Barcelona_Catalonia.html,476,4.0,12,Free,5858526754
13289883,Casa Ferran Guardiola,https://www.tripadvisor.com/Attraction_Review-g187497-d13289883-Reviews-Casa_Ferran_Guardiola-Barcelona_Catalonia.html,516,5.0,4,Free,1689030378
10557113,Castillo De Torre Baró,https://www.tripadvisor.com/Attraction_Review-g187497-d10557113-Reviews-Castillo_De_Torre_Baro-Barcelona_Catalonia.html,454,4.5,8,Free,6935797522
244203,Galeria Olimpica,https://www.tripadvisor.com/Attraction_Review-g187497-d244203-Reviews-Galeria_Olimpica-Barcelona_Catalonia.html,182,4.0,63,Free,4490939603
8807498,Font de Sant Just,https://www.tripadvisor.com/Attraction_Review-g187497-d8807498-Reviews-Font_de_Sant_Just-Barcelona_Catalonia.html,392,4.0,27,Free,4942947780
11930476,Font dels Sis Putti,https://www.tripadvisor.com/Attraction_Review-g187497-d11930476-Reviews-Font_dels_Sis_Putti-Barcelona_Catalonia.html,387,4.0,17,Free,5671462425
12682432,Militaria Barcelona,https://www.tripadvisor.com/Attraction_Review-g187497-d12682432-Reviews-Militaria_Barcelona-Barcelona_Catalonia.html,509,5.0,4,Free,1551960931
4688353,Arts Santa Monica,https://www.tripadvisor.com/Attraction_Review-g187497-d4688353-Reviews-Arts_Santa_Monica-Barcelona_Catalonia.html,394,4.0,21,Free,8453760031
13546899,Placa Cinc D'Oros,https://www.tripadvisor.com/Attraction_Review-g187497-d13546899-Reviews-Placa_Cinc_D_Oros-Barcelona_Catalonia.html,506,3.5,15,Free,7730777922
17593156,The Port Cable Car,https://www.tripadvisor.com/Attraction_Review-g187497-d17593156-Reviews-The_Port_Cable_Car-Barcelona_Catalonia.html,709,3.0,28,13.979999542236328,4021506556
3477513,CEM Climbat La Foixarda,https://www.tripadvisor.com/Attraction_Review-g187497-d3477513-Reviews-CEM_Climbat_La_Foixarda-Barcelona_Catalonia.html,650,3.5,11,Free,6068561608
11930453,Pomona,https://www.tripadvisor.com/Attraction_Review-g187497-d11930453-Reviews-Pomona-Barcelona_Catalonia.html,417,4.0,13,Free,7691896388
9764642,David & Goliath Sculpture,https://www.tripadvisor.com/Attraction_Review-g187497-d9764642-Reviews-David_Goliath_Sculpture-Barcelona_Catalonia.html,791,3.0,26,Free,9858409276
9727576,Mirador del Rei Marti,https://www.tripadvisor.com/Attraction_Review-g187497-d9727576-Reviews-Mirador_del_Rei_Marti-Barcelona_Catalonia.html,539,4.0,8,Free,7180970998
9465523,Monumento Al Doctor Andreu,https://www.tripadvisor.com/Attraction_Review-g187497-d9465523-Reviews-Monumento_Al_Doctor_Andreu-Barcelona_Catalonia.html,397,4.0,21,Free,8988486979
14188996,Fuente Monumental del Paseo de Gracia,https://www.tripadvisor.com/Attraction_Review-g187497-d14188996-Reviews-Fuente_Monumental_del_Paseo_de_Gracia-Barcelona_Catalonia.html,465,4.0,10,Free,9635581247
8807499,Font Pla de la Boqueria,https://www.tripadvisor.com/Attraction_Review-g187497-d8807499-Reviews-Font_Pla_de_la_Boqueria-Barcelona_Catalonia.html,459,3.5,28,Free,1365758883
13543812,Loval Antiguedades,https://www.tripadvisor.com/Attraction_Review-g187497-d13543812-Reviews-Loval_Antiguedades-Barcelona_Catalonia.html,468,5.0,5,Free,3523141805
13531380,Club Cronopios,https://www.tripadvisor.com/Attraction_Review-g187497-d13531380-Reviews-Club_Cronopios-Barcelona_Catalonia.html,564,5.0,3,Free,4691746744
13962782,Jardins Munoz Ramonet,https://www.tripadvisor.com/Attraction_Review-g187497-d13962782-Reviews-Jardins_Munoz_Ramonet-Barcelona_Catalonia.html,581,4.5,3,Free,3286720719
8630465,El Parque de Sant Marti,https://www.tripadvisor.com/Attraction_Review-g187497-d8630465-Reviews-El_Parque_de_Sant_Marti-Barcelona_Catalonia.html,534,4.0,10,Free,4195718732
11932627,Monument to Joan Güell i Ferrer,https://www.tripadvisor.com/Attraction_Review-g187497-d11932627-Reviews-Monument_to_Joan_Guell_i_Ferrer-Barcelona_Catalonia.html,487,4.0,9,Free,2408179450
4093062,Auditorio de Barcelona,https://www.tripadvisor.com/Attraction_Review-g187497-d4093062-Reviews-Auditorio_de_Barcelona-Barcelona_Catalonia.html,393,4.5,15,Free,3811253615
9750762,Monumento al libro,https://www.tripadvisor.com/Attraction_Review-g187497-d9750762-Reviews-Monumento_al_libro-Barcelona_Catalonia.html,443,3.5,21,Free,3614702154
11930433,El Forjador,https://www.tripadvisor.com/Attraction_Review-g187497-d11930433-Reviews-El_Forjador-Barcelona_Catalonia.html,419,4.0,14,Free,9882283418
9884939,Parc Central de Nou Barris,https://www.tripadvisor.com/Attraction_Review-g187497-d9884939-Reviews-Parc_Central_de_Nou_Barris-Barcelona_Catalonia.html,423,4.0,10,Free,2660428473
12879602,Portal de Santa Madrona,https://www.tripadvisor.com/Attraction_Review-g187497-d12879602-Reviews-Portal_de_Santa_Madrona-Barcelona_Catalonia.html,570,4.5,4,Free,4834980134
11930464,Dona amb angel,https://www.tripadvisor.com/Attraction_Review-g187497-d11930464-Reviews-Dona_amb_angel-Barcelona_Catalonia.html,390,4.0,13,Free,6231700466
10223737,Monumento a Mary Santpere,https://www.tripadvisor.com/Attraction_Review-g187497-d10223737-Reviews-Monumento_a_Mary_Santpere-Barcelona_Catalonia.html,566,3.5,16,Free,1576185002
10713504,L'Estel Ferit,https://www.tripadvisor.com/Attraction_Review-g187497-d10713504-Reviews-L_Estel_Ferit-Barcelona_Catalonia.html,666,3.0,23,Free,8339314418
11932643,Monument to Romul Bosch i Alsina,https://www.tripadvisor.com/Attraction_Review-g187497-d11932643-Reviews-Monument_to_Romul_Bosch_i_Alsina-Barcelona_Catalonia.html,702,3.0,11,Free,1658046614
12860132,Espai Subirachs,https://www.tripadvisor.com/Attraction_Review-g187497-d12860132-Reviews-Espai_Subirachs-Barcelona_Catalonia.html,532,5.0,5,Free,1010937286
12056104,Teatre Apolo,https://www.tripadvisor.com/Attraction_Review-g187497-d12056104-Reviews-Teatre_Apolo-Barcelona_Catalonia.html,436,4.0,17,Free,5355112124
10670300,Mercat de Lesseps,https://www.tripadvisor.com/Attraction_Review-g187497-d10670300-Reviews-Mercat_de_Lesseps-Barcelona_Catalonia.html,475,4.0,17,Free,6229599840
9802114,Monumento a los Martires de la Independencia,https://www.tripadvisor.com/Attraction_Review-g187497-d9802114-Reviews-Monumento_a_los_Martires_de_la_Independencia-Barcelona_Catalonia.html,366,4.0,19,Free,9861683506
1493833,Fundacio Sunol,https://www.tripadvisor.com/Attraction_Review-g187497-d1493833-Reviews-Fundacio_Sunol-Barcelona_Catalonia.html,430,4.0,22,Free,8093332325
3820365,Mercat de Les Corts,https://www.tripadvisor.com/Attraction_Review-g187497-d3820365-Reviews-Mercat_de_Les_Corts-Barcelona_Catalonia.html,457,4.0,14,Free,5912182760
15086183,Gran Sinagoga Maimonides Barcelona,https://www.tripadvisor.com/Attraction_Review-g187497-d15086183-Reviews-Gran_Sinagoga_Maimonides_Barcelona-Barcelona_Catalonia.html,545,5.0,3,Free,9395723218
11930472,Figura Femenina,https://www.tripadvisor.com/Attraction_Review-g187497-d11930472-Reviews-Figura_Femenina-Barcelona_Catalonia.html,447,4.0,10,Free,8939450225
9570964,Buho de la Plaza Jacint Verdaguer,https://www.tripadvisor.com/Attraction_Review-g187497-d9570964-Reviews-Buho_de_la_Plaza_Jacint_Verdaguer-Barcelona_Catalonia.html,422,3.5,23,Free,7077823165
12488986,Mercat del Poble Nou,https://www.tripadvisor.com/Attraction_Review-g187497-d12488986-Reviews-Mercat_del_Poble_Nou-Barcelona_Catalonia.html,616,4.0,4,Free,2126219537
10089782,Placa de Lesseps,https://www.tripadvisor.com/Attraction_Review-g187497-d10089782-Reviews-Placa_de_Lesseps-Barcelona_Catalonia.html,526,4.0,9,Free,7257673421
15532136,Casa Mulleras,https://www.tripadvisor.com/Attraction_Review-g187497-d15532136-Reviews-Casa_Mulleras-Barcelona_Catalonia.html,523,4.5,4,Free,5320769440
15030177,Pasaje De La Paz,https://www.tripadvisor.com/Attraction_Review-g187497-d15030177-Reviews-Pasaje_De_La_Paz-Barcelona_Catalonia.html,559,4.5,4,Free,3635905928
12703751,La Casa dels Entremesos,https://www.tripadvisor.com/Attraction_Review-g187497-d12703751-Reviews-La_Casa_dels_Entremesos-Barcelona_Catalonia.html,607,4.5,3,Free,1133988334
2223619,Museu dels Automats del Tibidabo,https://www.tripadvisor.com/Attraction_Review-g187497-d2223619-Reviews-Museu_dels_Automats_del_Tibidabo-Barcelona_Catalonia.html,441,3.5,24,Free,1269338194
14142348,Sabiduria,https://www.tripadvisor.com/Attraction_Review-g187497-d14142348-Reviews-Sabiduria-Barcelona_Catalonia.html,438,4.5,9,Free,7837111167
8807492,Casa Granell,https://www.tripadvisor.com/Attraction_Review-g187497-d8807492-Reviews-Casa_Granell-Barcelona_Catalonia.html,492,4.0,9,Free,5606201623
10077498,antiguo convento de San Agustin,https://www.tripadvisor.com/Attraction_Review-g187497-d10077498-Reviews-Antiguo_convento_de_San_Agustin-Barcelona_Catalonia.html,646,3.5,9,Free,8776337918
16801122,Club Capitol,https://www.tripadvisor.com/Attraction_Review-g187497-d16801122-Reviews-Club_Capitol-Barcelona_Catalonia.html,458,4.0,7,Free,3381798191
10223755,Parroquia Castrense de la Ciutadella,https://www.tripadvisor.com/Attraction_Review-g187497-d10223755-Reviews-Parroquia_Castrense_de_la_Ciutadella-Barcelona_Catalonia.html,456,4.0,15,Free,7702208452
10060363,Monumento a Mahatama Gandi,https://www.tripadvisor.com/Attraction_Review-g187497-d10060363-Reviews-Monumento_a_Mahatama_Gandi-Barcelona_Catalonia.html,527,3.5,14,Free,7226978957
12228778,Galeria de Arte Jordi Barnadas,https://www.tripadvisor.com/Attraction_Review-g187497-d12228778-Reviews-Galeria_de_Arte_Jordi_Barnadas-Barcelona_Catalonia.html,787,5.0,3,Free,9791264644
11958463,Font d'Hercules,https://www.tripadvisor.com/Attraction_Review-g187497-d11958463-Reviews-Font_d_Hercules-Barcelona_Catalonia.html,501,4.0,9,Free,2098258467
9851986,La Parella,https://www.tripadvisor.com/Attraction_Review-g187497-d9851986-Reviews-La_Parella-Barcelona_Catalonia.html,514,3.5,15,Free,7152765394
12583627,Pastor de la Flauta,https://www.tripadvisor.com/Attraction_Review-g187497-d12583627-Reviews-Pastor_de_la_Flauta-Barcelona_Catalonia.html,429,4.0,11,Free,8561870726
8093226,Jardins de Villa Amelia,https://www.tripadvisor.com/Attraction_Review-g187497-d8093226-Reviews-Jardins_de_Villa_Amelia-Barcelona_Catalonia.html,415,4.0,16,Free,4314302103
9608985,Font De La Caputxeta Vermella,https://www.tripadvisor.com/Attraction_Review-g187497-d9608985-Reviews-Font_De_La_Caputxeta_Vermella-Barcelona_Catalonia.html,503,3.5,14,Free,7123186112
4556759,MUHBA at Fabra i Coats,https://www.tripadvisor.com/Attraction_Review-g187497-d4556759-Reviews-MUHBA_at_Fabra_i_Coats-Barcelona_Catalonia.html,518,4.0,9,Free,5436532841
9992984,Centro Civico Can Felipa,https://www.tripadvisor.com/Attraction_Review-g187497-d9992984-Reviews-Centro_Civico_Can_Felipa-Barcelona_Catalonia.html,525,4.0,6,Free,3070593475
10214244,The Art of the Brick,https://www.tripadvisor.com/Attraction_Review-g187497-d10214244-Reviews-The_Art_of_the_Brick-Barcelona_Catalonia.html,502,4.0,15,Free,3740522471
17766742,Glorieta de la Transsexual Sonia,https://www.tripadvisor.com/Attraction_Review-g187497-d17766742-Reviews-Glorieta_de_la_Transsexual_Sonia-Barcelona_Catalonia.html,586,4.5,3,Free,4480843130
8677533,Finca Sansalvador,https://www.tripadvisor.com/Attraction_Review-g187497-d8677533-Reviews-Finca_Sansalvador-Barcelona_Catalonia.html,618,4.0,4,Free,8625078622
15582053,Casa Felip,https://www.tripadvisor.com/Attraction_Review-g187497-d15582053-Reviews-Casa_Felip-Barcelona_Catalonia.html,611,4.5,3,Free,9513694447
10491252,Monumento a Angel Guimera,https://www.tripadvisor.com/Attraction_Review-g187497-d10491252-Reviews-Monumento_a_Angel_Guimera-Barcelona_Catalonia.html,499,3.5,12,Free,5048199726
4603634,Collegio Teresiano,https://www.tripadvisor.com/Attraction_Review-g187497-d4603634-Reviews-Collegio_Teresiano-Barcelona_Catalonia.html,469,4.0,15,Free,6751951930
11932634,Monument to Francesc Soler i Rovirosa,https://www.tripadvisor.com/Attraction_Review-g187497-d11932634-Reviews-Monument_to_Francesc_Soler_i_Rovirosa-Barcelona_Catalonia.html,489,4.0,7,Free,8271753654
14802984,Casas Pascual i Pons,https://www.tripadvisor.com/Attraction_Review-g187497-d14802984-Reviews-Casas_Pascual_i_Pons-Barcelona_Catalonia.html,560,4.5,4,Free,3843964051
15337720,La Lleialtat Santsenca,https://www.tripadvisor.com/Attraction_Review-g187497-d15337720-Reviews-La_Lleialtat_Santsenca-Barcelona_Catalonia.html,484,5.0,4,Free,3383902958
4888437,Enoteca Divins,https://www.tripadvisor.com/Attraction_Review-g187497-d4888437-Reviews-Enoteca_Divins-Barcelona_Catalonia.html,648,4.5,16,Free,9624199363
8321737,Placa de Sarria,https://www.tripadvisor.com/Attraction_Review-g187497-d8321737-Reviews-Placa_de_Sarria-Barcelona_Catalonia.html,601,3.5,7,Free,4698360567
9730001,Bulevard Rosa,https://www.tripadvisor.com/Attraction_Review-g187497-d9730001-Reviews-Bulevard_Rosa-Barcelona_Catalonia.html,569,3.5,17,Free,4097636383
9802260,La Capilla de Marcus,https://www.tripadvisor.com/Attraction_Review-g187497-d9802260-Reviews-La_Capilla_de_Marcus-Barcelona_Catalonia.html,428,4.0,14,Free,1259121746
10022418,Mare de Déu de la Bonanova,https://www.tripadvisor.com/Attraction_Review-g187497-d10022418-Reviews-Mare_de_Deu_de_la_Bonanova-Barcelona_Catalonia.html,479,4.0,9,Free,5221076797
244930,Sala Beckett,https://www.tripadvisor.com/Attraction_Review-g187497-d244930-Reviews-Sala_Beckett-Barcelona_Catalonia.html,598,3.5,12,Free,9595011550
10696147,Casa Pomar,https://www.tripadvisor.com/Attraction_Review-g187497-d10696147-Reviews-Casa_Pomar-Barcelona_Catalonia.html,481,4.0,9,Free,4960432655
10682802,Esglesia dels Josepets de Gracia,https://www.tripadvisor.com/Attraction_Review-g187497-d10682802-Reviews-Esglesia_dels_Josepets_de_Gracia-Barcelona_Catalonia.html,453,4.0,10,Free,3795596766
10538541,Casa de la Lactancia,https://www.tripadvisor.com/Attraction_Review-g187497-d10538541-Reviews-Casa_de_la_Lactancia-Barcelona_Catalonia.html,451,4.0,11,Free,9862819434
9570798,Fundacio Gaspar,https://www.tripadvisor.com/Attraction_Review-g187497-d9570798-Reviews-Fundacio_Gaspar-Barcelona_Catalonia.html,404,4.5,12,Free,6605044762
9597197,Palau Centelles,https://www.tripadvisor.com/Attraction_Review-g187497-d9597197-Reviews-Palau_Centelles-Barcelona_Catalonia.html,556,4.0,7,Free,3111911522
9802110,Capilla de Santa Lucia,https://www.tripadvisor.com/Attraction_Review-g187497-d9802110-Reviews-Capilla_de_Santa_Lucia-Barcelona_Catalonia.html,554,4.0,9,Free,7062548527
6226814,Galería F.Cervera,https://www.tripadvisor.com/Attraction_Review-g187497-d6226814-Reviews-Galeria_F_Cervera-Barcelona_Catalonia.html,805,2.5,3,Free,1269361367
16658729,Aduana de Barcelona,https://www.tripadvisor.com/Attraction_Review-g187497-d16658729-Reviews-Aduana_de_Barcelona-Barcelona_Catalonia.html,596,5.0,2,Free,8524291864
11930439,Dona Pescadora,https://www.tripadvisor.com/Attraction_Review-g187497-d11930439-Reviews-Dona_Pescadora-Barcelona_Catalonia.html,488,4.0,9,Free,3512288536
8612214,Sala Parés,https://www.tripadvisor.com/Attraction_Review-g187497-d8612214-Reviews-Sala_Pares-Barcelona_Catalonia.html,711,3.0,5,Free,8057894574
14141952,Monument a La Sardana,https://www.tripadvisor.com/Attraction_Review-g187497-d14141952-Reviews-Monument_a_La_Sardana-Barcelona_Catalonia.html,606,3.5,7,Free,3854189378
240763,Fira de Segells i Monedes,https://www.tripadvisor.com/Attraction_Review-g187497-d240763-Reviews-Fira_de_Segells_i_Monedes-Barcelona_Catalonia.html,547,4.0,7,Free,5644781696
8820156,Barcelona International Comedy Festival,https://www.tripadvisor.com/Attraction_Review-g187497-d8820156-Reviews-Barcelona_International_Comedy_Festival-Barcelona_Catalonia.html,448,5.0,8,Free,5685757666
10065947,Monumento a Antonio Viladomat,https://www.tripadvisor.com/Attraction_Review-g187497-d10065947-Reviews-Monumento_a_Antonio_Viladomat-Barcelona_Catalonia.html,490,4.0,7,Free,5311476363
244913,Velodrom d'Horta,https://www.tripadvisor.com/Attraction_Review-g187497-d244913-Reviews-Velodrom_d_Horta-Barcelona_Catalonia.html,641,3.5,10,Free,7638966447
244843,Centre Artesa Tradicionarius - CAT,https://www.tripadvisor.com/Attraction_Review-g187497-d244843-Reviews-Centre_Artesa_Tradicionarius_CAT-Barcelona_Catalonia.html,584,4.5,5,Free,7441638775
15663133,Santuari de la Mare de Deu del Sagrat Cor,https://www.tripadvisor.com/Attraction_Review-g187497-d15663133-Reviews-Santuari_de_la_Mare_de_Deu_del_Sagrat_Cor-Barcelona_Catalonia.html,599,5.0,2,Free,1376016315
12961025,Mulas y Pedrosa Art Gallery,https://www.tripadvisor.com/Attraction_Review-g187497-d12961025-Reviews-Mulas_y_Pedrosa_Art_Gallery-Barcelona_Catalonia.html,399,5.0,8,Free,5573590351
10713522,Casa Vallet i Xiro,https://www.tripadvisor.com/Attraction_Review-g187497-d10713522-Reviews-Casa_Vallet_i_Xiro-Barcelona_Catalonia.html,576,4.0,8,Free,5334992361
10065872,Jardins de Gandhi,https://www.tripadvisor.com/Attraction_Review-g187497-d10065872-Reviews-Jardins_de_Gandhi-Barcelona_Catalonia.html,602,3.5,11,Free,1639261426
8281216,Bcn Art Design,https://www.tripadvisor.com/Attraction_Review-g187497-d8281216-Reviews-Bcn_Art_Design-Barcelona_Catalonia.html,633,4.0,6,Free,7870625702
10198073,Medieval Walls,https://www.tripadvisor.com/Attraction_Review-g187497-d10198073-Reviews-Medieval_Walls-Barcelona_Catalonia.html,533,3.5,13,Free,2768808939
8807479,Casa Lamadrid,https://www.tripadvisor.com/Attraction_Review-g187497-d8807479-Reviews-Casa_Lamadrid-Barcelona_Catalonia.html,473,4.0,11,Free,4169033102
9568162,Monumento al Perro Abandonado,https://www.tripadvisor.com/Attraction_Review-g187497-d9568162-Reviews-Monumento_al_Perro_Abandonado-Barcelona_Catalonia.html,498,4.0,9,Free,8028887018
15337789,Nave Bostik,https://www.tripadvisor.com/Attraction_Review-g187497-d15337789-Reviews-Nave_Bostik-Barcelona_Catalonia.html,592,4.5,3,Free,7489892244
244858,Institut del Teatre,https://www.tripadvisor.com/Attraction_Review-g187497-d244858-Reviews-Institut_del_Teatre-Barcelona_Catalonia.html,628,3.5,6,Free,9468473019
7391470,Birra 08,https://www.tripadvisor.com/Attraction_Review-g187497-d7391470-Reviews-Birra_08-Barcelona_Catalonia.html,367,5.0,13,Free,9600926157
9997409,Fuente de Carmen Amaya,https://www.tripadvisor.com/Attraction_Review-g187497-d9997409-Reviews-Fuente_de_Carmen_Amaya-Barcelona_Catalonia.html,589,3.5,14,Free,1278482234
10296763,La Dama del Paraguas,https://www.tripadvisor.com/Attraction_Review-g187497-d10296763-Reviews-La_Dama_del_Paraguas-Barcelona_Catalonia.html,536,4.5,6,Free,5060802000
10538499,Casa Llorenc Camprubi,https://www.tripadvisor.com/Attraction_Review-g187497-d10538499-Reviews-Casa_Llorenc_Camprubi-Barcelona_Catalonia.html,486,4.0,10,Free,9599799416
15209009,Palauet Casades,https://www.tripadvisor.com/Attraction_Review-g187497-d15209009-Reviews-Palauet_Casades-Barcelona_Catalonia.html,613,5.0,2,Free,1432295963
11930430,Dona amb nen i flabiol,https://www.tripadvisor.com/Attraction_Review-g187497-d11930430-Reviews-Dona_amb_nen_i_flabiol-Barcelona_Catalonia.html,460,4.0,9,Free,8839649220
15511804,Mercat d'Hostafrancs,https://www.tripadvisor.com/Attraction_Review-g187497-d15511804-Reviews-Mercat_d_Hostafrancs-Barcelona_Catalonia.html,627,4.0,4,Free,7337208938
1747997,Trenhotel Salvador Dali,https://www.tripadvisor.com/Attraction_Review-g187497-d1747997-Reviews-Trenhotel_Salvador_Dali-Barcelona_Catalonia.html,462,4.0,22,Free,7273841082
4556731,MUHBA Domus de Sant Honorat,https://www.tripadvisor.com/Attraction_Review-g187497-d4556731-Reviews-MUHBA_Domus_de_Sant_Honorat-Barcelona_Catalonia.html,577,3.5,11,Free,5601196783
8145612,Iglesia Ortodoxa Rusa de la Anunciación,https://www.tripadvisor.com/Attraction_Review-g187497-d8145612-Reviews-Iglesia_Ortodoxa_Rusa_de_la_Anunciacion-Barcelona_Catalonia.html,640,4.0,4,Free,6734419128
10676069,Galeria La Lesia,https://www.tripadvisor.com/Attraction_Review-g187497-d10676069-Reviews-Galeria_La_Lesia-Barcelona_Catalonia.html,470,5.0,6,Free,7915176875
10426987,Fundació Foto Colectania,https://www.tripadvisor.com/Attraction_Review-g187497-d10426987-Reviews-Fundacio_Foto_Colectania-Barcelona_Catalonia.html,497,4.0,8,Free,9613603411
9454021,Placa del Tibidabo,https://www.tripadvisor.com/Attraction_Review-g187497-d9454021-Reviews-Placa_del_Tibidabo-Barcelona_Catalonia.html,550,5.0,4,Free,2882249676
17571145,Edificio de la Junta de Obras del Puerto,https://www.tripadvisor.com/Attraction_Review-g187497-d17571145-Reviews-Edificio_de_la_Junta_de_Obras_del_Puerto-Barcelona_Catalonia.html,587,4.0,4,Free,9601047767
13201762,Casa Fajol,https://www.tripadvisor.com/Attraction_Review-g187497-d13201762-Reviews-Casa_Fajol-Barcelona_Catalonia.html,588,3.5,7,Free,8585851466
11932639,Monumeent to Joan Salvat i Papasseit,https://www.tripadvisor.com/Attraction_Review-g187497-d11932639-Reviews-Monumeent_to_Joan_Salvat_i_Papasseit-Barcelona_Catalonia.html,603,3.5,10,Free,4274937035
