"location__name","location__url","location__locationId","totalReviews","avgReviews","minTicketPriceInfo","minTicketPriceInfo__price","minTicketPriceInfo__priceCurrency","ranking__value"
"Basilica of the Sagrada Familia","https://www.tripadvisor.com/Attraction_Review-g187497-d190166-Reviews-Basilica_of_the_Sagrada_Familia-Barcelona_Catalonia.html","190166","163525","4.5","","36.18000030517578","EUR","1"
"Gothic Quarter (Barri Gotic)","https://www.tripadvisor.com/Attraction_Review-g187497-d190162-Reviews-Gothic_Quarter_Barri_Gotic-Barcelona_Catalonia.html","190162","39869","4.5","null","","","3"
"Casa Batllo","https://www.tripadvisor.com/Attraction_Review-g187497-d191052-Reviews-Casa_Batllo-Barcelona_Catalonia.html","191052","57077","4.5","","25.899999618530273","EUR","5"
"Palace of Catalan Music","https://www.tripadvisor.com/Attraction_Review-g187497-d190824-Reviews-Palace_of_Catalan_Music-Barcelona_Catalonia.html","190824","18456","4.5","","12.420000076293945","EUR","2"
"Casa Milà - La Pedrera","https://www.tripadvisor.com/Attraction_Review-g187497-d190629-Reviews-Casa_Mila_La_Pedrera-Barcelona_Catalonia.html","190629","23241","4.5","","44.54999923706055","EUR","7"
"Camp Nou","https://www.tripadvisor.com/Attraction_Review-g187497-d271009-Reviews-Camp_Nou-Barcelona_Catalonia.html","271009","39719","4.5","","61.13999938964844","EUR","10"
"Mercat de la Boqueria","https://www.tripadvisor.com/Attraction_Review-g187497-d190164-Reviews-Mercat_de_la_Boqueria-Barcelona_Catalonia.html","190164","26045","4.5","null","","","9"
"Basílica de Santa Maria del Mar","https://www.tripadvisor.com/Attraction_Review-g187497-d246171-Reviews-Basilica_de_Santa_Maria_del_Mar-Barcelona_Catalonia.html","246171","13741","4.5","","5.170000076293945","EUR","4"
"Recinte Modernista de Sant Pau","https://www.tripadvisor.com/Attraction_Review-g187497-d1192272-Reviews-Recinte_Modernista_de_Sant_Pau-Barcelona_Catalonia.html","1192272","4586","4.5","","15.539999961853027","EUR","13"
"Museu Nacional d'Art de Catalunya - MNAC","https://www.tripadvisor.com/Attraction_Review-g187497-d257527-Reviews-Museu_Nacional_d_Art_de_Catalunya_MNAC-Barcelona_Catalonia.html","257527","7193","4.5","","12.420000076293945","EUR","17"
"Barcelona Cathedral","https://www.tripadvisor.com/Attraction_Review-g187497-d191048-Reviews-Barcelona_Cathedral-Barcelona_Catalonia.html","191048","9650","4.5","","10.979999542236328","EUR","29"
"The Magic Fountain","https://www.tripadvisor.com/Attraction_Review-g187497-d501696-Reviews-The_Magic_Fountain-Barcelona_Catalonia.html","501696","29402","4.5","null","","","8"
"Parc de Montjuic","https://www.tripadvisor.com/Attraction_Review-g187497-d2359212-Reviews-Parc_de_Montjuic-Barcelona_Catalonia.html","2359212","11167","4.5","","12.420000076293945","EUR","11"
"CosmoCaixa","https://www.tripadvisor.com/Attraction_Review-g187497-d244211-Reviews-CosmoCaixa-Barcelona_Catalonia.html","244211","4111","4.5","null","","","16"
"Casa Vicens","https://www.tripadvisor.com/Attraction_Review-g187497-d531598-Reviews-Casa_Vicens-Barcelona_Catalonia.html","531598","1547","4.5","","12.420000076293945","EUR","15"
"Passeig de Gracia","https://www.tripadvisor.com/Attraction_Review-g187497-d254723-Reviews-Passeig_de_Gracia-Barcelona_Catalonia.html","254723","13786","4.5","null","","","6"
"Palau Güell","https://www.tripadvisor.com/Attraction_Review-g187497-d295879-Reviews-Palau_Guell-Barcelona_Catalonia.html","295879","9707","4.5","null","","","18"
"Parc de la Ciutadella","https://www.tripadvisor.com/Attraction_Review-g187497-d246511-Reviews-Parc_de_la_Ciutadella-Barcelona_Catalonia.html","246511","7538","4.5","null","","","35"
"Erotic Museum of Barcelona (Museu de l'Erotica)","https://www.tripadvisor.com/Attraction_Review-g187497-d319140-Reviews-Erotic_Museum_of_Barcelona_Museu_de_l_Erotica-Barcelona_Catalonia.html","319140","2238","4.0","","8.279999732971191","EUR","39"
"Joan Miro Foundation","https://www.tripadvisor.com/Attraction_Review-g187497-d190637-Reviews-Joan_Miro_Foundation-Barcelona_Catalonia.html","190637","3968","4.5","null","","","37"
"El Born","https://www.tripadvisor.com/Attraction_Review-g187497-d254718-Reviews-El_Born-Barcelona_Catalonia.html","254718","3943","4.5","null","","","19"
"Plaça d'Espanya","https://www.tripadvisor.com/Attraction_Review-g187497-d591343-Reviews-Placa_d_Espanya-Barcelona_Catalonia.html","591343","5524","4.5","null","","","38"
"Templo del Sagrado Corazon de Jesus","https://www.tripadvisor.com/Attraction_Review-g187497-d3224257-Reviews-Templo_del_Sagrado_Corazon_de_Jesus-Barcelona_Catalonia.html","3224257","1697","4.5","","29.530000686645508","EUR","14"
"L'Eixample District","https://www.tripadvisor.com/Attraction_Review-g187497-d251997-Reviews-L_Eixample_District-Barcelona_Catalonia.html","251997","736","4.5","null","","","22"
"Parc Guell","https://www.tripadvisor.com/Attraction_Review-g187497-d190624-Reviews-Parc_Guell-Barcelona_Catalonia.html","190624","75731","4.0","","9.319999694824219","EUR","12"
"Museu Picasso","https://www.tripadvisor.com/Attraction_Review-g187497-d190165-Reviews-Museu_Picasso-Barcelona_Catalonia.html","190165","9754","4.0","","17.610000610351562","EUR","64"
"Museu d'Historia de Barcelona - MUHBA","https://www.tripadvisor.com/Attraction_Review-g187497-d244210-Reviews-Museu_d_Historia_de_Barcelona_MUHBA-Barcelona_Catalonia.html","244210","2127","4.5","null","","","23"
"Plaça Reial","https://www.tripadvisor.com/Attraction_Review-g187497-d313695-Reviews-Placa_Reial-Barcelona_Catalonia.html","313695","4073","4.5","null","","","47"
"Ciutat Vella","https://www.tripadvisor.com/Attraction_Review-g187497-d208597-Reviews-Ciutat_Vella-Barcelona_Catalonia.html","208597","3130","4.5","null","","","25"
"Palau Dalmases","https://www.tripadvisor.com/Attraction_Review-g187497-d2717850-Reviews-Palau_Dalmases-Barcelona_Catalonia.html","2717850","877","4.5","null","","","20"
"Casa Amatller","https://www.tripadvisor.com/Attraction_Review-g187497-d244194-Reviews-Casa_Amatller-Barcelona_Catalonia.html","244194","957","4.5","","19.690000534057617","EUR","26"
"Parc d’Atraccions Tibidabo","https://www.tripadvisor.com/Attraction_Review-g187497-d195113-Reviews-Parc_d_Atraccions_Tibidabo-Barcelona_Catalonia.html","195113","7658","4.5","","29.530000686645508","EUR","62"
"Mercat Santa Caterina","https://www.tripadvisor.com/Attraction_Review-g187497-d2015831-Reviews-Mercat_Santa_Caterina-Barcelona_Catalonia.html","2015831","872","4.5","null","","","56"
"Barri de Gracia","https://www.tripadvisor.com/Attraction_Review-g187497-d271008-Reviews-Barri_de_Gracia-Barcelona_Catalonia.html","271008","1223","4.5","null","","","32"
"Montjuic Castle","https://www.tripadvisor.com/Attraction_Review-g187497-d2165013-Reviews-Montjuic_Castle-Barcelona_Catalonia.html","2165013","3768","4.0","null","","","84"
"Hash Marihuana & Hemp Museum","https://www.tripadvisor.com/Attraction_Review-g187497-d3240045-Reviews-Hash_Marihuana_Hemp_Museum-Barcelona_Catalonia.html","3240045","763","4.5","","12.420000076293945","EUR","21"
"Arc de Triomf","https://www.tripadvisor.com/Attraction_Review-g187497-d243171-Reviews-Arc_de_Triomf-Barcelona_Catalonia.html","243171","2986","4.0","null","","","77"
"Museu d'Història de Catalunya","https://www.tripadvisor.com/Attraction_Review-g187497-d246512-Reviews-Museu_d_Historia_de_Catalunya-Barcelona_Catalonia.html","246512","805","4.5","","8.279999732971191","EUR","55"
"Port Vell","https://www.tripadvisor.com/Attraction_Review-g187497-d191047-Reviews-Port_Vell-Barcelona_Catalonia.html","191047","1291","4.5","null","","","61"
"Plaza de Cataluna","https://www.tripadvisor.com/Attraction_Review-g187497-d208598-Reviews-Plaza_de_Cataluna-Barcelona_Catalonia.html","208598","4979","4.0","null","","","88"
"La Barceloneta","https://www.tripadvisor.com/Attraction_Review-g187497-d265458-Reviews-La_Barceloneta-Barcelona_Catalonia.html","265458","2031","4.0","null","","","60"
"Reial Monestir de Santa Maria de Pedralbes","https://www.tripadvisor.com/Attraction_Review-g187497-d2223690-Reviews-Reial_Monestir_de_Santa_Maria_de_Pedralbes-Barcelona_Catalonia.html","2223690","664","4.5","null","","","24"
"Parque del Laberint d'Horta","https://www.tripadvisor.com/Attraction_Review-g187497-d2394734-Reviews-Parque_del_Laberint_d_Horta-Barcelona_Catalonia.html","2394734","1428","4.5","null","","","80"
"Torre Bellesguard","https://www.tripadvisor.com/Attraction_Review-g187497-d4609101-Reviews-Torre_Bellesguard-Barcelona_Catalonia.html","4609101","328","4.5","","13.460000038146973","EUR","31"
"Mirador de Colom","https://www.tripadvisor.com/Attraction_Review-g187497-d246168-Reviews-Mirador_de_Colom-Barcelona_Catalonia.html","246168","2273","4.0","","6.210000038146973","EUR","97"
"Mercat de la Barceloneta","https://www.tripadvisor.com/Attraction_Review-g187497-d3468814-Reviews-Mercat_de_la_Barceloneta-Barcelona_Catalonia.html","3468814","450","4.5","null","","","36"
"Antic Hospital de la Santa Creu","https://www.tripadvisor.com/Attraction_Review-g187497-d8398821-Reviews-Antic_Hospital_de_la_Santa_Creu-Barcelona_Catalonia.html","8398821","208","4.5","null","","","33"
"Las Ramblas","https://www.tripadvisor.com/Attraction_Review-g187497-d190163-Reviews-Las_Ramblas-Barcelona_Catalonia.html","190163","38076","4.0","","31.079999923706055","EUR","27"
"Museu Maritim de Barcelona","https://www.tripadvisor.com/Attraction_Review-g187497-d244200-Reviews-Museu_Maritim_de_Barcelona-Barcelona_Catalonia.html","244200","889","4.0","null","","","82"
"Playa de La Barceloneta","https://www.tripadvisor.com/Attraction_Review-g187497-d2645511-Reviews-Playa_de_La_Barceloneta-Barcelona_Catalonia.html","2645511","9315","4.0","null","","","95"
"CaixaForum","https://www.tripadvisor.com/Attraction_Review-g187497-d257528-Reviews-CaixaForum-Barcelona_Catalonia.html","257528","707","4.5","null","","","45"
"Cascada Monumental","https://www.tripadvisor.com/Attraction_Review-g187497-d7785899-Reviews-Cascada_Monumental-Barcelona_Catalonia.html","7785899","485","4.5","null","","","40"
"Gran Teatre del Liceu","https://www.tripadvisor.com/Attraction_Review-g187497-d195252-Reviews-Gran_Teatre_del_Liceu-Barcelona_Catalonia.html","195252","687","4.5","null","","","43"
"MEAM Museu Europeu d'Art Modern","https://www.tripadvisor.com/Attraction_Review-g187497-d2223636-Reviews-MEAM_Museu_Europeu_d_Art_Modern-Barcelona_Catalonia.html","2223636","378","4.5","","9.319999694824219","EUR","41"
"Rambla de Catalunya","https://www.tripadvisor.com/Attraction_Review-g187497-d7175292-Reviews-Rambla_de_Catalunya-Barcelona_Catalonia.html","7175292","1025","4.0","null","","","79"
"Rambla del Mar","https://www.tripadvisor.com/Attraction_Review-g187497-d3782382-Reviews-Rambla_del_Mar-Barcelona_Catalonia.html","3782382","981","4.0","null","","","68"
"La Maquinista","https://www.tripadvisor.com/Attraction_Review-g187497-d2067434-Reviews-La_Maquinista-Barcelona_Catalonia.html","2067434","573","4.5","","25.899999618530273","EUR","72"
"Museu del Modernisme","https://www.tripadvisor.com/Attraction_Review-g187497-d1893220-Reviews-Museu_del_Modernisme-Barcelona_Catalonia.html","1893220","284","4.5","null","","","49"
"L’Aquarium de Barcelona","https://www.tripadvisor.com/Attraction_Review-g187497-d195124-Reviews-L_Aquarium_de_Barcelona-Barcelona_Catalonia.html","195124","7252","3.5","","21.760000228881836","EUR","153"
"El Poblenou","https://www.tripadvisor.com/Attraction_Review-g187497-d6453867-Reviews-El_Poblenou-Barcelona_Catalonia.html","6453867","236","4.5","null","","","50"
"Diagonal Mar Centro Comercial","https://www.tripadvisor.com/Attraction_Review-g187497-d4106898-Reviews-Diagonal_Mar_Centro_Comercial-Barcelona_Catalonia.html","4106898","657","4.0","null","","","81"
"El Born Centre de Cultura i Memoria","https://www.tripadvisor.com/Attraction_Review-g187497-d6417067-Reviews-El_Born_Centre_de_Cultura_i_Memoria-Barcelona_Catalonia.html","6417067","696","4.0","null","","","74"
"Pont del Bisbe","https://www.tripadvisor.com/Attraction_Review-g187497-d10592746-Reviews-Pont_del_Bisbe-Barcelona_Catalonia.html","10592746","199","4.5","null","","","63"
"Placa Sant Felip Neri","https://www.tripadvisor.com/Attraction_Review-g187497-d592217-Reviews-Placa_Sant_Felip_Neri-Barcelona_Catalonia.html","592217","1248","4.5","null","","","28"
"Casa Lleo i Morera","https://www.tripadvisor.com/Attraction_Review-g187497-d244195-Reviews-Casa_Lleo_i_Morera-Barcelona_Catalonia.html","244195","869","4.5","null","","","42"
"Exposición Human Bodies. Anatomia de la vida.","https://www.tripadvisor.com/Attraction_Review-g187497-d15056638-Reviews-Exposicion_Human_Bodies_Anatomia_de_la_vida-Barcelona_Catalonia.html","15056638","214","4.5","null","","","51"
"Cementerio de Montjuic","https://www.tripadvisor.com/Attraction_Review-g187497-d4945354-Reviews-Cementerio_de_Montjuic-Barcelona_Catalonia.html","4945354","160","4.5","null","","","34"
"Bogatell Beach","https://www.tripadvisor.com/Attraction_Review-g187497-d7052313-Reviews-Bogatell_Beach-Barcelona_Catalonia.html","7052313","373","4.5","null","","","69"
"Santa Anna Church","https://www.tripadvisor.com/Attraction_Review-g187497-d2272433-Reviews-Santa_Anna_Church-Barcelona_Catalonia.html","2272433","208","4.5","null","","","44"
"Mercat De Sant Antoni","https://www.tripadvisor.com/Attraction_Review-g187497-d4660265-Reviews-Mercat_De_Sant_Antoni-Barcelona_Catalonia.html","4660265","503","4.0","null","","","78"
"Frederic Mares Museum (Museu Frederic Mares)","https://www.tripadvisor.com/Attraction_Review-g187497-d244199-Reviews-Frederic_Mares_Museum_Museu_Frederic_Mares-Barcelona_Catalonia.html","244199","367","4.0","null","","","58"
"Mercado del Ninot","https://www.tripadvisor.com/Attraction_Review-g187497-d8564136-Reviews-Mercado_del_Ninot-Barcelona_Catalonia.html","8564136","166","4.5","null","","","54"
"Glories","https://www.tripadvisor.com/Attraction_Review-g187497-d240755-Reviews-Glories-Barcelona_Catalonia.html","240755","265","4.0","null","","","121"
"Port Olimpic","https://www.tripadvisor.com/Attraction_Review-g187497-d4469233-Reviews-Port_Olimpic-Barcelona_Catalonia.html","4469233","363","4.0","null","","","87"
"Cat, Fernando Botero","https://www.tripadvisor.com/Attraction_Review-g187497-d7132622-Reviews-Cat_Fernando_Botero-Barcelona_Catalonia.html","7132622","335","4.0","null","","","74"
"Telefèric de Montjuïc","https://www.tripadvisor.com/Attraction_Review-g187497-d6495421-Reviews-Teleferic_de_Montjuic-Barcelona_Catalonia.html","6495421","2089","4.0","null","","","116"
"Basilica de Santa Maria del Pi","https://www.tripadvisor.com/Attraction_Review-g187497-d3139265-Reviews-Basilica_de_Santa_Maria_del_Pi-Barcelona_Catalonia.html","3139265","653","4.0","null","","","86"
"Sant Pau del Camp","https://www.tripadvisor.com/Attraction_Review-g187497-d3954329-Reviews-Sant_Pau_del_Camp-Barcelona_Catalonia.html","3954329","221","4.5","null","","","30"
"Barcelona Zoo","https://www.tripadvisor.com/Attraction_Review-g187497-d244821-Reviews-Barcelona_Zoo-Barcelona_Catalonia.html","244821","4009","3.5","null","","","181"
"Museu del Disseny de Barcelona","https://www.tripadvisor.com/Attraction_Review-g187497-d4722328-Reviews-Museu_del_Disseny_de_Barcelona-Barcelona_Catalonia.html","4722328","269","4.0","null","","","71"
"Rambla del Poblenou","https://www.tripadvisor.com/Attraction_Review-g187497-d7208916-Reviews-Rambla_del_Poblenou-Barcelona_Catalonia.html","7208916","222","4.5","null","","","57"
"Centro Comercial Arenas De Barcelona","https://www.tripadvisor.com/Attraction_Review-g187497-d4027803-Reviews-Centro_Comercial_Arenas_De_Barcelona-Barcelona_Catalonia.html","4027803","1493","4.0","null","","","98"
"Anella Olimpica","https://www.tripadvisor.com/Attraction_Review-g187497-d265457-Reviews-Anella_Olimpica-Barcelona_Catalonia.html","265457","418","4.0","null","","","89"
"Poble Espanyol","https://www.tripadvisor.com/Attraction_Review-g187497-d244218-Reviews-Poble_Espanyol-Barcelona_Catalonia.html","244218","2830","3.5","","13.050000190734863","EUR","217"
"Gaudi Exhibition Center","https://www.tripadvisor.com/Attraction_Review-g187497-d8489665-Reviews-Gaudi_Exhibition_Center-Barcelona_Catalonia.html","8489665","332","4.5","null","","","46"
"Museu de Ciencies Naturals de Barcelona","https://www.tripadvisor.com/Attraction_Review-g187497-d2235343-Reviews-Museu_de_Ciencies_Naturals_de_Barcelona-Barcelona_Catalonia.html","2235343","287","4.0","","10.880000114440918","EUR","91"
"Nova Mar Bella Beach","https://www.tripadvisor.com/Attraction_Review-g187497-d3467712-Reviews-Nova_Mar_Bella_Beach-Barcelona_Catalonia.html","3467712","267","4.5","null","","","65"
"Passeig del Born","https://www.tripadvisor.com/Attraction_Review-g187497-d254719-Reviews-Passeig_del_Born-Barcelona_Catalonia.html","254719","279","4.0","null","","","67"
"El Corte Ingles","https://www.tripadvisor.com/Attraction_Review-g187497-d8036442-Reviews-El_Corte_Ingles-Barcelona_Catalonia.html","8036442","672","4.0","","18.649999618530273","EUR","106"
"Maremagnum","https://www.tripadvisor.com/Attraction_Review-g187497-d2690761-Reviews-Maremagnum-Barcelona_Catalonia.html","2690761","1350","4.0","null","","","128"
"Torre Agbar","https://www.tripadvisor.com/Attraction_Review-g187497-d2366700-Reviews-Torre_Agbar-Barcelona_Catalonia.html","2366700","1034","4.0","null","","","111"
"Galerias Malda","https://www.tripadvisor.com/Attraction_Review-g187497-d240766-Reviews-Galerias_Malda-Barcelona_Catalonia.html","240766","37","4.5","null","","","187"
"Gaudi House Museum","https://www.tripadvisor.com/Attraction_Review-g187497-d246190-Reviews-Gaudi_House_Museum-Barcelona_Catalonia.html","246190","1139","3.5","null","","","135"
"Museu de la Musica","https://www.tripadvisor.com/Attraction_Review-g187497-d2223604-Reviews-Museu_de_la_Musica-Barcelona_Catalonia.html","2223604","131","4.5","null","","","93"
"Estadi Olímpic","https://www.tripadvisor.com/Attraction_Review-g187497-d313685-Reviews-Estadi_Olimpic-Barcelona_Catalonia.html","313685","1159","4.0","null","","","114"
"Barcelona Pavilion","https://www.tripadvisor.com/Attraction_Review-g187497-d313686-Reviews-Barcelona_Pavilion-Barcelona_Catalonia.html","313686","656","4.5","null","","","52"
"Barri de La Ribera","https://www.tripadvisor.com/Attraction_Review-g187497-d243174-Reviews-Barri_de_La_Ribera-Barcelona_Catalonia.html","243174","104","4.5","null","","","113"
"MUHBA Temple d'August","https://www.tripadvisor.com/Attraction_Review-g187497-d1809020-Reviews-MUHBA_Temple_d_August-Barcelona_Catalonia.html","1809020","207","4.5","null","","","53"
"Museo Egipci de Barcelona","https://www.tripadvisor.com/Attraction_Review-g187497-d244208-Reviews-Museo_Egipci_de_Barcelona-Barcelona_Catalonia.html","244208","365","4.0","","12.420000076293945","EUR","115"
"Mossen Costa i Llobera Gardens","https://www.tripadvisor.com/Attraction_Review-g187497-d7021032-Reviews-Mossen_Costa_i_Llobera_Gardens-Barcelona_Catalonia.html","7021032","87","4.5","null","","","132"
"Avinguda Diagonal","https://www.tripadvisor.com/Attraction_Review-g187497-d7810574-Reviews-Avinguda_Diagonal-Barcelona_Catalonia.html","7810574","92","4.0","null","","","160"
"Museum of World Cultures","https://www.tripadvisor.com/Attraction_Review-g187497-d7820170-Reviews-Museum_of_World_Cultures-Barcelona_Catalonia.html","7820170","123","4.5","null","","","83"
"Placa del Rei","https://www.tripadvisor.com/Attraction_Review-g187497-d7694897-Reviews-Placa_del_Rei-Barcelona_Catalonia.html","7694897","283","4.5","null","","","76"
"Casa de les Punxes","https://www.tripadvisor.com/Attraction_Review-g187497-d2485623-Reviews-Casa_de_les_Punxes-Barcelona_Catalonia.html","2485623","493","4.0","","13.979999542236328","EUR","125"
"Museu de la Xocolata","https://www.tripadvisor.com/Attraction_Review-g187497-d619690-Reviews-Museu_de_la_Xocolata-Barcelona_Catalonia.html","619690","1049","3.5","","6.210000038146973","EUR","385"
"Portal de l'Àngel","https://www.tripadvisor.com/Attraction_Review-g187497-d7175296-Reviews-Portal_de_l_Angel-Barcelona_Catalonia.html","7175296","113","4.0","null","","","107"
"Retro Auto Moto Museo","https://www.tripadvisor.com/Attraction_Review-g187497-d12847550-Reviews-Retro_Auto_Moto_Museo-Barcelona_Catalonia.html","12847550","34","4.5","null","","","142"
"Plaza de Toros Monumental de Barcelona","https://www.tripadvisor.com/Attraction_Review-g187497-d6206152-Reviews-Plaza_de_Toros_Monumental_de_Barcelona-Barcelona_Catalonia.html","6206152","284","4.0","null","","","110"
"Placa de la Sagrada Familia","https://www.tripadvisor.com/Attraction_Review-g187497-d12606976-Reviews-Placa_de_la_Sagrada_Familia-Barcelona_Catalonia.html","12606976","155","4.0","null","","","85"
"MACBA Museu d'Art Contemporani de Barcelona","https://www.tripadvisor.com/Attraction_Review-g187497-d190623-Reviews-MACBA_Museu_d_Art_Contemporani_de_Barcelona-Barcelona_Catalonia.html","190623","956","3.5","","11.390000343322754","EUR","347"
"El Puerto de Barcelona","https://www.tripadvisor.com/Attraction_Review-g187497-d6401014-Reviews-El_Puerto_de_Barcelona-Barcelona_Catalonia.html","6401014","1891","4.5","null","","","66"
"Mercat de la Concepcio Barcelona","https://www.tripadvisor.com/Attraction_Review-g187497-d2623636-Reviews-Mercat_de_la_Concepcio_Barcelona-Barcelona_Catalonia.html","2623636","103","4.5","null","","","96"
"Mercat dels Encants de Barcelona","https://www.tripadvisor.com/Attraction_Review-g187497-d190634-Reviews-Mercat_dels_Encants_de_Barcelona-Barcelona_Catalonia.html","190634","383","4.0","null","","","108"
"Museum of Illusions","https://www.tripadvisor.com/Attraction_Review-g187497-d7914040-Reviews-Museum_of_Illusions-Barcelona_Catalonia.html","7914040","406","3.5","","10.350000381469727","EUR","150"
"Plaza del Pi","https://www.tripadvisor.com/Attraction_Review-g187497-d6034377-Reviews-Plaza_del_Pi-Barcelona_Catalonia.html","6034377","126","4.0","null","","","100"
"Major Synagogue","https://www.tripadvisor.com/Attraction_Review-g187497-d597513-Reviews-Major_Synagogue-Barcelona_Catalonia.html","597513","212","4.5","","12.420000076293945","EUR","94"
"F1 - Spanish Grand Prix","https://www.tripadvisor.com/Attraction_Review-g187497-d8820217-Reviews-F1_Spanish_Grand_Prix-Barcelona_Catalonia.html","8820217","93","4.5","null","","","122"
"Teleferico del Puerto","https://www.tripadvisor.com/Attraction_Review-g187497-d2328556-Reviews-Teleferico_del_Puerto-Barcelona_Catalonia.html","2328556","1031","3.5","","13.979999542236328","EUR","297"
"Raval","https://www.tripadvisor.com/Attraction_Review-g187497-d3410795-Reviews-Raval-Barcelona_Catalonia.html","3410795","271","3.5","null","","","193"
"Estacio de Franca","https://www.tripadvisor.com/Attraction_Review-g187497-d7984164-Reviews-Estacio_de_Franca-Barcelona_Catalonia.html","7984164","150","4.0","null","","","92"
"Playa de la Mar Bella","https://www.tripadvisor.com/Attraction_Review-g187497-d10230999-Reviews-Playa_de_la_Mar_Bella-Barcelona_Catalonia.html","10230999","83","4.0","null","","","151"
"L'illa Diagonal","https://www.tripadvisor.com/Attraction_Review-g187497-d7363048-Reviews-L_illa_Diagonal-Barcelona_Catalonia.html","7363048","343","4.0","null","","","101"
"Barcelona Wax Museum","https://www.tripadvisor.com/Attraction_Review-g187497-d244855-Reviews-Barcelona_Wax_Museum-Barcelona_Catalonia.html","244855","579","3.0","","15.539999961853027","EUR","792"
"Big Fun Museum","https://www.tripadvisor.com/Attraction_Review-g187497-d240500-Reviews-Big_Fun_Museum-Barcelona_Catalonia.html","240500","85","4.0","","10.350000381469727","EUR","344"
"Joan Antonio Samaranch Olympic & Sports Museum","https://www.tripadvisor.com/Attraction_Review-g187497-d2223655-Reviews-Joan_Antonio_Samaranch_Olympic_Sports_Museum-Barcelona_Catalonia.html","2223655","277","4.0","","6.510000228881836","EUR","73"
"Palau Sant Jordi","https://www.tripadvisor.com/Attraction_Review-g187497-d4123720-Reviews-Palau_Sant_Jordi-Barcelona_Catalonia.html","4123720","187","4.0","null","","","118"
"Carrer Petritxol","https://www.tripadvisor.com/Attraction_Review-g187497-d8865719-Reviews-Carrer_Petritxol-Barcelona_Catalonia.html","8865719","42","4.5","null","","","159"
"Claustro E Iglesia de la Concepcion","https://www.tripadvisor.com/Attraction_Review-g187497-d6214229-Reviews-Claustro_E_Iglesia_de_la_Concepcion-Barcelona_Catalonia.html","6214229","71","4.5","null","","","120"
"Poblenou Cemetery","https://www.tripadvisor.com/Attraction_Review-g187497-d7102217-Reviews-Poblenou_Cemetery-Barcelona_Catalonia.html","7102217","85","4.5","null","","","116"
"Parc de Cervantes","https://www.tripadvisor.com/Attraction_Review-g187497-d2625535-Reviews-Parc_de_Cervantes-Barcelona_Catalonia.html","2625535","70","4.5","null","","","148"
"Gaudi Experience","https://www.tripadvisor.com/Attraction_Review-g187497-d3360600-Reviews-Gaudi_Experience-Barcelona_Catalonia.html","3360600","460","4.0","","9.319999694824219","EUR","103"
"El Beso De Joan Fontcuberta","https://www.tripadvisor.com/Attraction_Review-g187497-d13970378-Reviews-El_Beso_De_Joan_Fontcuberta-Barcelona_Catalonia.html","13970378","22","4.5","null","","","230"
"Basilica of Our Lady of Mercy","https://www.tripadvisor.com/Attraction_Review-g187497-d591146-Reviews-Basilica_of_Our_Lady_of_Mercy-Barcelona_Catalonia.html","591146","130","4.5","null","","","59"
"Palau De La Generalitat De Catalunya","https://www.tripadvisor.com/Attraction_Review-g187497-d4597992-Reviews-Palau_De_La_Generalitat_De_Catalunya-Barcelona_Catalonia.html","4597992","136","4.0","null","","","123"
"Placa de Sant Jaume","https://www.tripadvisor.com/Attraction_Review-g187497-d7687719-Reviews-Placa_de_Sant_Jaume-Barcelona_Catalonia.html","7687719","254","4.0","null","","","102"
"Jardin Botanico de Barcelona","https://www.tripadvisor.com/Attraction_Review-g187497-d1553048-Reviews-Jardin_Botanico_de_Barcelona-Barcelona_Catalonia.html","1553048","322","4.0","","6.210000038146973","EUR","162"
"Platja de la Nova Icaria","https://www.tripadvisor.com/Attraction_Review-g187497-d7981033-Reviews-Platja_de_la_Nova_Icaria-Barcelona_Catalonia.html","7981033","137","4.0","null","","","146"
"Gold Fish Sculpture (Escultura el Peix d'Or)","https://www.tripadvisor.com/Attraction_Review-g187497-d7148963-Reviews-Gold_Fish_Sculpture_Escultura_el_Peix_d_Or-Barcelona_Catalonia.html","7148963","176","4.0","null","","","104"
"Parc de Collserola","https://www.tripadvisor.com/Attraction_Review-g187497-d4752371-Reviews-Parc_de_Collserola-Barcelona_Catalonia.html","4752371","39","4.5","null","","","178"
"Casa Comalat","https://www.tripadvisor.com/Attraction_Review-g187497-d531612-Reviews-Casa_Comalat-Barcelona_Catalonia.html","531612","55","4.5","null","","","169"
"Teatre Victoria","https://www.tripadvisor.com/Attraction_Review-g187497-d8782951-Reviews-Teatre_Victoria-Barcelona_Catalonia.html","8782951","74","4.0","null","","","189"
"Torres Venecianes","https://www.tripadvisor.com/Attraction_Review-g187497-d12674080-Reviews-Torres_Venecianes-Barcelona_Catalonia.html","12674080","77","4.0","null","","","126"
"Passeig del Colom","https://www.tripadvisor.com/Attraction_Review-g187497-d7804964-Reviews-Passeig_del_Colom-Barcelona_Catalonia.html","7804964","109","4.0","null","","","138"
"Center of Contemporary Culture of Barcelona (CCCB)","https://www.tripadvisor.com/Attraction_Review-g187497-d244201-Reviews-Center_of_Contemporary_Culture_of_Barcelona_CCCB-Barcelona_Catalonia.html","244201","228","4.0","null","","","134"
"Jardins de Laribal","https://www.tripadvisor.com/Attraction_Review-g187497-d8866286-Reviews-Jardins_de_Laribal-Barcelona_Catalonia.html","8866286","48","4.5","null","","","149"
"MUHBA Refugi 307","https://www.tripadvisor.com/Attraction_Review-g187497-d4414261-Reviews-MUHBA_Refugi_307-Barcelona_Catalonia.html","4414261","59","4.5","null","","","131"
"Prision La Modelo","https://www.tripadvisor.com/Attraction_Review-g187497-d13154025-Reviews-Prision_La_Modelo-Barcelona_Catalonia.html","13154025","27","4.0","null","","","299"
"Palau Reial Major","https://www.tripadvisor.com/Attraction_Review-g187497-d11793916-Reviews-Palau_Reial_Major-Barcelona_Catalonia.html","11793916","30","4.0","null","","","219"
"Palo Market Fest","https://www.tripadvisor.com/Attraction_Review-g187497-d7376615-Reviews-Palo_Market_Fest-Barcelona_Catalonia.html","7376615","168","4.0","","25.899999618530273","EUR","154"
"Plaza del Sol","https://www.tripadvisor.com/Attraction_Review-g187497-d8702700-Reviews-Plaza_del_Sol-Barcelona_Catalonia.html","8702700","62","4.0","null","","","204"
"Mercat Abaceria","https://www.tripadvisor.com/Attraction_Review-g187497-d6116743-Reviews-Mercat_Abaceria-Barcelona_Catalonia.html","6116743","54","4.5","null","","","152"
"Tivoli Theatre","https://www.tripadvisor.com/Attraction_Review-g187497-d7106610-Reviews-Tivoli_Theatre-Barcelona_Catalonia.html","7106610","222","3.5","null","","","227"
"Teatro Coliseum","https://www.tripadvisor.com/Attraction_Review-g187497-d4310632-Reviews-Teatro_Coliseum-Barcelona_Catalonia.html","4310632","156","3.5","null","","","241"
"Placa de Gaudi","https://www.tripadvisor.com/Attraction_Review-g187497-d12352056-Reviews-Placa_de_Gaudi-Barcelona_Catalonia.html","12352056","53","4.0","null","","","176"
"Plaza de Ramon Berenguer el Gran","https://www.tripadvisor.com/Attraction_Review-g187497-d8646729-Reviews-Plaza_de_Ramon_Berenguer_el_Gran-Barcelona_Catalonia.html","8646729","34","4.0","null","","","235"
"Base Elements Urban Art Gallery","https://www.tripadvisor.com/Attraction_Review-g187497-d4764185-Reviews-Base_Elements_Urban_Art_Gallery-Barcelona_Catalonia.html","4764185","72","5.0","null","","","90"
"Plaja de Sant Sebastian","https://www.tripadvisor.com/Attraction_Review-g187497-d12661256-Reviews-Plaja_de_Sant_Sebastian-Barcelona_Catalonia.html","12661256","28","4.5","null","","","199"
"Palau Moja","https://www.tripadvisor.com/Attraction_Review-g187497-d10467498-Reviews-Palau_Moja-Barcelona_Catalonia.html","10467498","51","4.0","null","","","190"
"Palau Robert","https://www.tripadvisor.com/Attraction_Review-g187497-d10223979-Reviews-Palau_Robert-Barcelona_Catalonia.html","10223979","42","4.0","null","","","211"
"Park of Joan Miro","https://www.tripadvisor.com/Attraction_Review-g187497-d6116899-Reviews-Park_of_Joan_Miro-Barcelona_Catalonia.html","6116899","240","3.5","null","","","254"
"Torre de Collserola","https://www.tripadvisor.com/Attraction_Review-g187497-d2321733-Reviews-Torre_de_Collserola-Barcelona_Catalonia.html","2321733","105","4.0","null","","","133"
"Parroquia de la Mare de Deu de Betlem","https://www.tripadvisor.com/Attraction_Review-g187497-d2487738-Reviews-Parroquia_de_la_Mare_de_Deu_de_Betlem-Barcelona_Catalonia.html","2487738","134","4.0","null","","","119"
"Casa Rocamora","https://www.tripadvisor.com/Attraction_Review-g187497-d4346018-Reviews-Casa_Rocamora-Barcelona_Catalonia.html","4346018","48","4.5","null","","","177"
"Basílica dels Sants Màrtirs Just i Pastor","https://www.tripadvisor.com/Attraction_Review-g187497-d4960182-Reviews-Basilica_dels_Sants_Martirs_Just_i_Pastor-Barcelona_Catalonia.html","4960182","74","4.5","null","","","112"
"Biblioteca de Catalunya","https://www.tripadvisor.com/Attraction_Review-g187497-d2577943-Reviews-Biblioteca_de_Catalunya-Barcelona_Catalonia.html","2577943","59","4.5","null","","","175"
"Antigua Casa Figueras","https://www.tripadvisor.com/Attraction_Review-g187497-d10538518-Reviews-Antigua_Casa_Figueras-Barcelona_Catalonia.html","10538518","37","4.5","null","","","165"
"La Casa de la Seda Barcelona","https://www.tripadvisor.com/Attraction_Review-g187497-d8692632-Reviews-La_Casa_de_la_Seda_Barcelona-Barcelona_Catalonia.html","8692632","64","4.5","null","","","136"
"Fundacio Antoni Tapies","https://www.tripadvisor.com/Attraction_Review-g187497-d244202-Reviews-Fundacio_Antoni_Tapies-Barcelona_Catalonia.html","244202","288","3.5","","8.279999732971191","EUR","434"
"Museu de la Catedral","https://www.tripadvisor.com/Attraction_Review-g187497-d2223602-Reviews-Museu_de_la_Catedral-Barcelona_Catalonia.html","2223602","227","4.5","null","","","48"
"Manzana de la Discordia","https://www.tripadvisor.com/Attraction_Review-g187497-d528113-Reviews-Manzana_de_la_Discordia-Barcelona_Catalonia.html","528113","34","4.5","null","","","233"
"Avenida del Paralelo","https://www.tripadvisor.com/Attraction_Review-g187497-d3929138-Reviews-Avenida_del_Paralelo-Barcelona_Catalonia.html","3929138","95","4.0","null","","","158"
"Church of Sant Francesc de Sales","https://www.tripadvisor.com/Attraction_Review-g187497-d6942942-Reviews-Church_of_Sant_Francesc_de_Sales-Barcelona_Catalonia.html","6942942","42","4.5","null","","","170"
"Casa de l'Ardiaca","https://www.tripadvisor.com/Attraction_Review-g187497-d7161481-Reviews-Casa_de_l_Ardiaca-Barcelona_Catalonia.html","7161481","60","4.0","null","","","179"
"Sala Fundacion Mapfre Casa Garriga Nogues","https://www.tripadvisor.com/Attraction_Review-g187497-d8742797-Reviews-Sala_Fundacion_Mapfre_Casa_Garriga_Nogues-Barcelona_Catalonia.html","8742797","116","4.5","null","","","140"
"Teatre Poliorama","https://www.tripadvisor.com/Attraction_Review-g187497-d244903-Reviews-Teatre_Poliorama-Barcelona_Catalonia.html","244903","91","4.0","null","","","214"
"Muralla Romana","https://www.tripadvisor.com/Attraction_Review-g187497-d7190997-Reviews-Muralla_Romana-Barcelona_Catalonia.html","7190997","73","4.0","null","","","143"
"La Virreina Centre de la Imatge","https://www.tripadvisor.com/Attraction_Review-g187497-d6847808-Reviews-La_Virreina_Centre_de_la_Imatge-Barcelona_Catalonia.html","6847808","67","4.0","null","","","168"
"Jardines de Joan Maragall","https://www.tripadvisor.com/Attraction_Review-g187497-d9566855-Reviews-Jardines_de_Joan_Maragall-Barcelona_Catalonia.html","9566855","38","4.5","null","","","161"
"Monasterio de Sant Pere de les Puel.les","https://www.tripadvisor.com/Attraction_Review-g187497-d2449596-Reviews-Monasterio_de_Sant_Pere_de_les_Puel_les-Barcelona_Catalonia.html","2449596","34","4.5","null","","","208"
"Bibliotheca Publica Arus","https://www.tripadvisor.com/Attraction_Review-g187497-d11729063-Reviews-Bibliotheca_Publica_Arus-Barcelona_Catalonia.html","11729063","19","4.5","null","","","229"
"Cara de Barcelona","https://www.tripadvisor.com/Attraction_Review-g187497-d7152939-Reviews-Cara_de_Barcelona-Barcelona_Catalonia.html","7152939","135","4.0","null","","","141"
"Parque del Guinardo","https://www.tripadvisor.com/Attraction_Review-g187497-d9882566-Reviews-Parque_del_Guinardo-Barcelona_Catalonia.html","9882566","29","4.5","null","","","238"
"Galeria Maxo","https://www.tripadvisor.com/Attraction_Review-g187497-d5542130-Reviews-Galeria_Maxo-Barcelona_Catalonia.html","5542130","132","4.5","null","","","167"
"Museum of Archaeology of Catalonia (Museu Arqueologic de Catalunya)","https://www.tripadvisor.com/Attraction_Review-g187497-d244206-Reviews-Museum_of_Archaeology_of_Catalonia_Museu_Arqueologic_de_Catalunya-Barcelona_Catalo.html","244206","124","4.0","null","","","144"
"Placa de Sant Josep Oriol","https://www.tripadvisor.com/Attraction_Review-g187497-d10365279-Reviews-Placa_de_Sant_Josep_Oriol-Barcelona_Catalonia.html","10365279","28","4.0","null","","","261"
"El Triangle Centro Comercial","https://www.tripadvisor.com/Attraction_Review-g187497-d6517023-Reviews-El_Triangle_Centro_Comercial-Barcelona_Catalonia.html","6517023","226","3.5","null","","","170"
"City Hall (Casa de la Ciutat / Ayuntamiento)","https://www.tripadvisor.com/Attraction_Review-g187497-d244197-Reviews-City_Hall_Casa_de_la_Ciutat_Ayuntamiento-Barcelona_Catalonia.html","244197","179","4.0","null","","","98"
"Casa Sayrach","https://www.tripadvisor.com/Attraction_Review-g187497-d10296722-Reviews-Casa_Sayrach-Barcelona_Catalonia.html","10296722","21","4.5","null","","","257"
"Piscina Municipal de Montjuic","https://www.tripadvisor.com/Attraction_Review-g187497-d8434367-Reviews-Piscina_Municipal_de_Montjuic-Barcelona_Catalonia.html","8434367","67","4.0","null","","","250"
"Casa Calvet","https://www.tripadvisor.com/Attraction_Review-g187497-d1191660-Reviews-Casa_Calvet-Barcelona_Catalonia.html","1191660","147","4.0","null","","","127"
"Castle of the Three Dragons","https://www.tripadvisor.com/Attraction_Review-g187497-d10023525-Reviews-Castle_of_the_Three_Dragons-Barcelona_Catalonia.html","10023525","73","4.0","null","","","156"
"Casa de La Llotja","https://www.tripadvisor.com/Attraction_Review-g187497-d4597443-Reviews-Casa_de_La_Llotja-Barcelona_Catalonia.html","4597443","42","4.5","null","","","206"
"Mercat del Art de la Placa de Sant Josep Oriol","https://www.tripadvisor.com/Attraction_Review-g187497-d9582536-Reviews-Mercat_del_Art_de_la_Placa_de_Sant_Josep_Oriol-Barcelona_Catalonia.html","9582536","27","4.5","null","","","225"
"Edifici de Correus","https://www.tripadvisor.com/Attraction_Review-g187497-d10713149-Reviews-Edifici_de_Correus-Barcelona_Catalonia.html","10713149","37","4.5","null","","","157"
"Cafe Teatre Llantiol","https://www.tripadvisor.com/Attraction_Review-g187497-d4002311-Reviews-Cafe_Teatre_Llantiol-Barcelona_Catalonia.html","4002311","66","4.5","null","","","130"
"Somorrostro","https://www.tripadvisor.com/Attraction_Review-g187497-d8471899-Reviews-Somorrostro-Barcelona_Catalonia.html","8471899","43","4.0","null","","","201"
"Microteatre Barcelona","https://www.tripadvisor.com/Attraction_Review-g187497-d8476175-Reviews-Microteatre_Barcelona-Barcelona_Catalonia.html","8476175","34","5.0","null","","","155"
"Museu Can Framis","https://www.tripadvisor.com/Attraction_Review-g187497-d4234451-Reviews-Museu_Can_Framis-Barcelona_Catalonia.html","4234451","91","4.5","null","","","228"
"Plaza Francesc Macià","https://www.tripadvisor.com/Attraction_Review-g187497-d3226916-Reviews-Plaza_Francesc_Macia-Barcelona_Catalonia.html","3226916","43","3.5","null","","","342"
"Antic Teatre - Espai de Creació","https://www.tripadvisor.com/Attraction_Review-g187497-d2295948-Reviews-Antic_Teatre_Espai_de_Creacio-Barcelona_Catalonia.html","2295948","153","4.0","null","","","163"
"Fuente de la Portaferrissa","https://www.tripadvisor.com/Attraction_Review-g187497-d10538454-Reviews-Fuente_de_la_Portaferrissa-Barcelona_Catalonia.html","10538454","37","4.0","null","","","197"
"Montserrat","https://www.tripadvisor.com/Attraction_Review-g187497-d11930470-Reviews-Montserrat-Barcelona_Catalonia.html","11930470","27","4.5","null","","","213"
"Sopars Amb Estrelles","https://www.tripadvisor.com/Attraction_Review-g187497-d3270333-Reviews-Sopars_Amb_Estrelles-Barcelona_Catalonia.html","3270333","114","3.5","null","","","541"
"Gran de Gràcia","https://www.tripadvisor.com/Attraction_Review-g187497-d313693-Reviews-Gran_de_Gracia-Barcelona_Catalonia.html","313693","102","4.0","null","","","145"
"Escultura La Gamba","https://www.tripadvisor.com/Attraction_Review-g187497-d8614393-Reviews-Escultura_La_Gamba-Barcelona_Catalonia.html","8614393","95","4.0","null","","","166"
"Palau del Baro de Quadras","https://www.tripadvisor.com/Attraction_Review-g187497-d2531489-Reviews-Palau_del_Baro_de_Quadras-Barcelona_Catalonia.html","2531489","51","4.0","null","","","190"
"MUHBA Via Sepulcral Romana","https://www.tripadvisor.com/Attraction_Review-g187497-d3467639-Reviews-MUHBA_Via_Sepulcral_Romana-Barcelona_Catalonia.html","3467639","77","4.0","null","","","180"
"Opera Samfaina","https://www.tripadvisor.com/Attraction_Review-g187497-d10691974-Reviews-Opera_Samfaina-Barcelona_Catalonia.html","10691974","68","2.0","null","","","815"
"Parc Diagonal Mar","https://www.tripadvisor.com/Attraction_Review-g187497-d8736807-Reviews-Parc_Diagonal_Mar-Barcelona_Catalonia.html","8736807","67","4.0","null","","","192"
"Edge Brewing","https://www.tripadvisor.com/Attraction_Review-g187497-d6412469-Reviews-Edge_Brewing-Barcelona_Catalonia.html","6412469","89","4.5","null","","","105"
"Opera Lounge","https://www.tripadvisor.com/Attraction_Review-g187497-d8332676-Reviews-Opera_Lounge-Barcelona_Catalonia.html","8332676","51","5.0","null","","","147"
"Parc del Forum","https://www.tripadvisor.com/Attraction_Review-g187497-d658750-Reviews-Parc_del_Forum-Barcelona_Catalonia.html","658750","105","3.5","null","","","361"
"Carrer de Montcada","https://www.tripadvisor.com/Attraction_Review-g187497-d243179-Reviews-Carrer_de_Montcada-Barcelona_Catalonia.html","243179","109","4.0","null","","","137"
"Mercat de Sants","https://www.tripadvisor.com/Attraction_Review-g187497-d8670722-Reviews-Mercat_de_Sants-Barcelona_Catalonia.html","8670722","40","4.5","null","","","183"
"Jardins del Mirador del Alcalde","https://www.tripadvisor.com/Attraction_Review-g187497-d10215257-Reviews-Jardins_del_Mirador_del_Alcalde-Barcelona_Catalonia.html","10215257","49","4.0","null","","","188"
"Iglesia de San Jaime","https://www.tripadvisor.com/Attraction_Review-g187497-d3139274-Reviews-Iglesia_de_San_Jaime-Barcelona_Catalonia.html","3139274","55","4.0","null","","","186"
"Placa de la Virreina","https://www.tripadvisor.com/Attraction_Review-g187497-d6434373-Reviews-Placa_de_la_Virreina-Barcelona_Catalonia.html","6434373","27","4.5","null","","","222"
"Gran Lago del Parque de la Ciudadela","https://www.tripadvisor.com/Attraction_Review-g187497-d10340402-Reviews-Gran_Lago_del_Parque_de_la_Ciudadela-Barcelona_Catalonia.html","10340402","45","4.0","null","","","203"
"Parc de la Ciutadella Centre Esportiu Municipal","https://www.tripadvisor.com/Attraction_Review-g187497-d8376916-Reviews-Parc_de_la_Ciutadella_Centre_Esportiu_Municipal-Barcelona_Catalonia.html","8376916","42","4.5","null","","","194"
"Rambla Del Raval","https://www.tripadvisor.com/Attraction_Review-g187497-d14059148-Reviews-Rambla_Del_Raval-Barcelona_Catalonia.html","14059148","24","3.5","null","","","406"
"Museu Diocesà de Barcelona","https://www.tripadvisor.com/Attraction_Review-g187497-d2223627-Reviews-Museu_Diocesa_de_Barcelona-Barcelona_Catalonia.html","2223627","33","4.5","null","","","209"
"Parroquia de San Agustin","https://www.tripadvisor.com/Attraction_Review-g187497-d4880672-Reviews-Parroquia_de_San_Agustin-Barcelona_Catalonia.html","4880672","24","4.0","null","","","360"
"Col·legi d'Arquitectes de Catalunya","https://www.tripadvisor.com/Attraction_Review-g187497-d1192310-Reviews-Col_legi_d_Arquitectes_de_Catalunya-Barcelona_Catalonia.html","1192310","113","3.5","null","","","173"
"Esglesia de l'hospital de la Santa Creu i Santa Pau","https://www.tripadvisor.com/Attraction_Review-g187497-d10535133-Reviews-Esglesia_de_l_hospital_de_la_Santa_Creu_i_Santa_Pau-Barcelona_Catalonia.html","10535133","25","4.5","null","","","322"
"Eixample Teatre","https://www.tripadvisor.com/Attraction_Review-g187497-d13447182-Reviews-Eixample_Teatre-Barcelona_Catalonia.html","13447182","25","4.5","null","","","185"
"Flirty Giraffe","https://www.tripadvisor.com/Attraction_Review-g187497-d8614069-Reviews-Flirty_Giraffe-Barcelona_Catalonia.html","8614069","36","4.0","null","","","240"
"Mercat de la Llibertat","https://www.tripadvisor.com/Attraction_Review-g187497-d8797192-Reviews-Mercat_de_la_Llibertat-Barcelona_Catalonia.html","8797192","32","4.5","null","","","223"
"Jardins Sagrada Familia","https://www.tripadvisor.com/Attraction_Review-g187497-d12301106-Reviews-Jardins_Sagrada_Familia-Barcelona_Catalonia.html","12301106","35","4.0","null","","","244"
"Escultura Carmela","https://www.tripadvisor.com/Attraction_Review-g187497-d10256990-Reviews-Escultura_Carmela-Barcelona_Catalonia.html","10256990","26","4.0","null","","","258"
"Enrique Tomas","https://www.tripadvisor.com/Attraction_Review-g187497-d6857198-Reviews-Enrique_Tomas-Barcelona_Catalonia.html","6857198","41","4.5","null","","","202"
"Placa de Rius i Taulet","https://www.tripadvisor.com/Attraction_Review-g187497-d313697-Reviews-Placa_de_Rius_i_Taulet-Barcelona_Catalonia.html","313697","43","4.5","null","","","184"
"Font de Canaletes","https://www.tripadvisor.com/Attraction_Review-g187497-d7008573-Reviews-Font_de_Canaletes-Barcelona_Catalonia.html","7008573","140","3.5","null","","","210"
"Los Pabellones de la Finca Guell","https://www.tripadvisor.com/Attraction_Review-g187497-d1192270-Reviews-Los_Pabellones_de_la_Finca_Guell-Barcelona_Catalonia.html","1192270","202","3.5","null","","","377"
"Mercat de mercats","https://www.tripadvisor.com/Attraction_Review-g187497-d8786845-Reviews-Mercat_de_mercats-Barcelona_Catalonia.html","8786845","18","4.5","null","","","326"
"University of Barcelona","https://www.tripadvisor.com/Attraction_Review-g187497-d7712595-Reviews-University_of_Barcelona-Barcelona_Catalonia.html","7712595","46","4.0","null","","","195"
"Monument to Frederic Soler i Hubert","https://www.tripadvisor.com/Attraction_Review-g187497-d11932628-Reviews-Monument_to_Frederic_Soler_i_Hubert-Barcelona_Catalonia.html","11932628","33","3.5","null","","","343"
"Fuente de las Tres Gracias","https://www.tripadvisor.com/Attraction_Review-g187497-d10491280-Reviews-Fuente_de_las_Tres_Gracias-Barcelona_Catalonia.html","10491280","48","4.0","null","","","200"
"Plaça George Orwell","https://www.tripadvisor.com/Attraction_Review-g187497-d592191-Reviews-Placa_George_Orwell-Barcelona_Catalonia.html","592191","51","3.5","null","","","478"
"Calatrava Tower","https://www.tripadvisor.com/Attraction_Review-g187497-d8563289-Reviews-Calatrava_Tower-Barcelona_Catalonia.html","8563289","44","4.0","null","","","207"
"Parlament de Catalunya","https://www.tripadvisor.com/Attraction_Review-g187497-d10093192-Reviews-Parlament_de_Catalunya-Barcelona_Catalonia.html","10093192","44","4.0","null","","","205"
"Font de Santa Anna","https://www.tripadvisor.com/Attraction_Review-g187497-d8807461-Reviews-Font_de_Santa_Anna-Barcelona_Catalonia.html","8807461","41","4.0","null","","","243"
"Casa Bruno Quadros","https://www.tripadvisor.com/Attraction_Review-g187497-d313684-Reviews-Casa_Bruno_Quadros-Barcelona_Catalonia.html","313684","105","4.0","null","","","129"
"Parque de la España Industrial","https://www.tripadvisor.com/Attraction_Review-g187497-d523834-Reviews-Parque_de_la_Espana_Industrial-Barcelona_Catalonia.html","523834","124","3.5","null","","","324"
"Piscines Bernat Picornell","https://www.tripadvisor.com/Attraction_Review-g187497-d3367732-Reviews-Piscines_Bernat_Picornell-Barcelona_Catalonia.html","3367732","61","3.5","null","","","404"
"Centro de Convenciones Internacional de Barcelona","https://www.tripadvisor.com/Attraction_Review-g187497-d1418571-Reviews-Centro_de_Convenciones_Internacional_de_Barcelona-Barcelona_Catalonia.html","1418571","71","4.0","null","","","174"
"Porta de la Finca Miralles","https://www.tripadvisor.com/Attraction_Review-g187497-d6500682-Reviews-Porta_de_la_Finca_Miralles-Barcelona_Catalonia.html","6500682","53","4.0","null","","","198"
"Desconsol","https://www.tripadvisor.com/Attraction_Review-g187497-d240504-Reviews-Desconsol-Barcelona_Catalonia.html","240504","75","4.5","null","","","124"
"Barts","https://www.tripadvisor.com/Attraction_Review-g187497-d9805865-Reviews-Barts-Barcelona_Catalonia.html","9805865","36","4.0","null","","","302"
"Jardins de La Tamarita","https://www.tripadvisor.com/Attraction_Review-g187497-d8734190-Reviews-Jardins_de_La_Tamarita-Barcelona_Catalonia.html","8734190","21","4.5","null","","","323"
"Plaza Sant Miquel","https://www.tripadvisor.com/Attraction_Review-g187497-d10819859-Reviews-Plaza_Sant_Miquel-Barcelona_Catalonia.html","10819859","28","3.5","null","","","483"
"JuegaRV Barcelona","https://www.tripadvisor.com/Attraction_Review-g187497-d15668683-Reviews-JuegaRV_Barcelona-Barcelona_Catalonia.html","15668683","34","5.0","null","","","109"
"Barcelona Beach Festival","https://www.tripadvisor.com/Attraction_Review-g187497-d10020538-Reviews-Barcelona_Beach_Festival-Barcelona_Catalonia.html","10020538","32","4.0","null","","","401"
"Antigua Fabrica Estrella Damm","https://www.tripadvisor.com/Attraction_Review-g187497-d11737112-Reviews-Antigua_Fabrica_Estrella_Damm-Barcelona_Catalonia.html","11737112","19","4.0","","8.279999732971191","EUR","374"
"Mercat Sagrada Familia","https://www.tripadvisor.com/Attraction_Review-g187497-d8862070-Reviews-Mercat_Sagrada_Familia-Barcelona_Catalonia.html","8862070","33","4.0","null","","","346"
"Royal Artistic Circle of Barcelona","https://www.tripadvisor.com/Attraction_Review-g187497-d4498104-Reviews-Royal_Artistic_Circle_of_Barcelona-Barcelona_Catalonia.html","4498104","58","3.5","null","","","359"
"Avinguda Reina Maria Cristina","https://www.tripadvisor.com/Attraction_Review-g187497-d13998749-Reviews-Avinguda_Reina_Maria_Cristina-Barcelona_Catalonia.html","13998749","16","4.5","null","","","300"
"Monumento a Mosen Jacint Verdaguer","https://www.tripadvisor.com/Attraction_Review-g187497-d9859074-Reviews-Monumento_a_Mosen_Jacint_Verdaguer-Barcelona_Catalonia.html","9859074","36","3.5","null","","","356"
"Parc de l'Estacio del Nord","https://www.tripadvisor.com/Attraction_Review-g187497-d10491414-Reviews-Parc_de_l_Estacio_del_Nord-Barcelona_Catalonia.html","10491414","26","4.0","null","","","298"
"Teatre Goya","https://www.tripadvisor.com/Attraction_Review-g187497-d10171290-Reviews-Teatre_Goya-Barcelona_Catalonia.html","10171290","29","4.5","null","","","223"
"Tren de l'Oreneta","https://www.tripadvisor.com/Attraction_Review-g187497-d11964151-Reviews-Tren_de_l_Oreneta-Barcelona_Catalonia.html","11964151","18","5.0","null","","","437"
"RENFE","https://www.tripadvisor.com/Attraction_Review-g187497-d15208082-Reviews-RENFE-Barcelona_Catalonia.html","15208082","47","4.0","null","","","248"
"Villa del Arte Galleries","https://www.tripadvisor.com/Attraction_Review-g187497-d3480069-Reviews-Villa_del_Arte_Galleries-Barcelona_Catalonia.html","3480069","24","4.5","null","","","236"
"Santuari de la Mare de Deu Del Carme Barcelona","https://www.tripadvisor.com/Attraction_Review-g187497-d8857417-Reviews-Santuari_de_la_Mare_de_Deu_Del_Carme_Barcelona-Barcelona_Catalonia.html","8857417","25","4.0","null","","","242"
"Baleària","https://www.tripadvisor.com/Attraction_Review-g187497-d12352280-Reviews-Balearia-Barcelona_Catalonia.html","12352280","73","2.0","null","","","814"
"Teatre Condal","https://www.tripadvisor.com/Attraction_Review-g187497-d10175605-Reviews-Teatre_Condal-Barcelona_Catalonia.html","10175605","16","4.0","null","","","444"
"Barcelona Fira Montjuic Hall of Conferences","https://www.tripadvisor.com/Attraction_Review-g187497-d1418568-Reviews-Barcelona_Fira_Montjuic_Hall_of_Conferences-Barcelona_Catalonia.html","1418568","106","4.0","null","","","172"
"Palacio Real de Pedralbes","https://www.tripadvisor.com/Attraction_Review-g187497-d8862038-Reviews-Palacio_Real_de_Pedralbes-Barcelona_Catalonia.html","8862038","33","4.0","null","","","368"
"Casa Golferichs","https://www.tripadvisor.com/Attraction_Review-g187497-d10600103-Reviews-Casa_Golferichs-Barcelona_Catalonia.html","10600103","15","4.5","null","","","354"
"Primavera Sound Barcelona","https://www.tripadvisor.com/Attraction_Review-g187497-d8820333-Reviews-Primavera_Sound_Barcelona-Barcelona_Catalonia.html","8820333","41","4.0","null","","","327"
"Monumento Francesc Masia","https://www.tripadvisor.com/Attraction_Review-g187497-d10043419-Reviews-Monumento_Francesc_Masia-Barcelona_Catalonia.html","10043419","48","3.5","null","","","325"
"Church of San Felipe Neri","https://www.tripadvisor.com/Attraction_Review-g187497-d6499629-Reviews-Church_of_San_Felipe_Neri-Barcelona_Catalonia.html","6499629","41","4.0","null","","","321"
"Casa Thomas","https://www.tripadvisor.com/Attraction_Review-g187497-d8610971-Reviews-Casa_Thomas-Barcelona_Catalonia.html","8610971","20","4.0","null","","","388"
"Mirador del Poble Sec","https://www.tripadvisor.com/Attraction_Review-g187497-d8598951-Reviews-Mirador_del_Poble_Sec-Barcelona_Catalonia.html","8598951","33","4.0","null","","","341"
"Fran Daurel Foundation (Fundacio Fran Daurel)","https://www.tripadvisor.com/Attraction_Review-g187497-d2235346-Reviews-Fran_Daurel_Foundation_Fundacio_Fran_Daurel-Barcelona_Catalonia.html","2235346","24","4.5","","13.050000190734863","EUR","253"
"Massimo Dutti","https://www.tripadvisor.com/Attraction_Review-g187497-d17561580-Reviews-Massimo_Dutti-Barcelona_Catalonia.html","17561580","5","5.0","null","","","440"
"Jardines del Turo del Putxet","https://www.tripadvisor.com/Attraction_Review-g187497-d7735950-Reviews-Jardines_del_Turo_del_Putxet-Barcelona_Catalonia.html","7735950","26","4.5","null","","","221"
"Mosaic del Pla de l'Os","https://www.tripadvisor.com/Attraction_Review-g187497-d9571023-Reviews-Mosaic_del_Pla_de_l_Os-Barcelona_Catalonia.html","9571023","60","4.0","null","","","212"
"Jardins de Rubió i Lluch","https://www.tripadvisor.com/Attraction_Review-g187497-d9821686-Reviews-Jardins_de_Rubio_i_Lluch-Barcelona_Catalonia.html","9821686","35","4.0","null","","","348"
"Fanals","https://www.tripadvisor.com/Attraction_Review-g187497-d10538407-Reviews-Fanals-Barcelona_Catalonia.html","10538407","30","4.0","null","","","256"
"Casa Serra","https://www.tripadvisor.com/Attraction_Review-g187497-d8610896-Reviews-Casa_Serra-Barcelona_Catalonia.html","8610896","26","4.5","null","","","296"
"El Fossar de les Moreres","https://www.tripadvisor.com/Attraction_Review-g187497-d8526772-Reviews-El_Fossar_de_les_Moreres-Barcelona_Catalonia.html","8526772","52","3.5","null","","","351"
"Playa de Sant Miquel","https://www.tripadvisor.com/Attraction_Review-g187497-d10713220-Reviews-Playa_de_Sant_Miquel-Barcelona_Catalonia.html","10713220","29","4.0","null","","","364"
"Parroquia Purisima Concepcion","https://www.tripadvisor.com/Attraction_Review-g187497-d8544847-Reviews-Parroquia_Purisima_Concepcion-Barcelona_Catalonia.html","8544847","20","4.0","null","","","369"
"Salo del Tinell","https://www.tripadvisor.com/Attraction_Review-g187497-d9706593-Reviews-Salo_del_Tinell-Barcelona_Catalonia.html","9706593","15","4.5","null","","","380"
"Museu de Carrosses Funebres","https://www.tripadvisor.com/Attraction_Review-g187497-d2223579-Reviews-Museu_de_Carrosses_Funebres-Barcelona_Catalonia.html","2223579","19","4.0","null","","","426"
"Placa Tetuan","https://www.tripadvisor.com/Attraction_Review-g187497-d10086735-Reviews-Placa_Tetuan-Barcelona_Catalonia.html","10086735","22","3.5","null","","","413"
"SOM Multiespai","https://www.tripadvisor.com/Attraction_Review-g187497-d11807755-Reviews-SOM_Multiespai-Barcelona_Catalonia.html","11807755","28","3.0","null","","","794"
"El Toro Pensador","https://www.tripadvisor.com/Attraction_Review-g187497-d8614075-Reviews-El_Toro_Pensador-Barcelona_Catalonia.html","8614075","33","4.0","null","","","251"
"Museo del Perfume (Museum of Perfume)","https://www.tripadvisor.com/Attraction_Review-g187497-d2218960-Reviews-Museo_del_Perfume_Museum_of_Perfume-Barcelona_Catalonia.html","2218960","43","3.0","null","","","706"
"La Deessa","https://www.tripadvisor.com/Attraction_Review-g187497-d11930450-Reviews-La_Deessa-Barcelona_Catalonia.html","11930450","18","4.0","null","","","379"
"Palau de Lloctinent","https://www.tripadvisor.com/Attraction_Review-g187497-d8807625-Reviews-Palau_de_Lloctinent-Barcelona_Catalonia.html","8807625","33","4.0","null","","","216"
"Aventura Park Barcelona","https://www.tripadvisor.com/Attraction_Review-g187497-d8677305-Reviews-Aventura_Park_Barcelona-Barcelona_Catalonia.html","8677305","25","4.0","","29.530000686645508","EUR","412"
"Torre de les Aigues del Besos","https://www.tripadvisor.com/Attraction_Review-g187497-d7390331-Reviews-Torre_de_les_Aigues_del_Besos-Barcelona_Catalonia.html","7390331","31","4.5","null","","","252"
"Quatre Columnes","https://www.tripadvisor.com/Attraction_Review-g187497-d14765486-Reviews-Quatre_Columnes-Barcelona_Catalonia.html","14765486","20","4.5","null","","","295"
"Real Santuario San Jose de la Montana","https://www.tripadvisor.com/Attraction_Review-g187497-d8422039-Reviews-Real_Santuario_San_Jose_de_la_Montana-Barcelona_Catalonia.html","8422039","28","4.5","null","","","226"
"Teatre Romea","https://www.tripadvisor.com/Attraction_Review-g187497-d7788447-Reviews-Teatre_Romea-Barcelona_Catalonia.html","7788447","19","4.5","null","","","355"
"L'Auditori","https://www.tripadvisor.com/Attraction_Review-g187497-d244897-Reviews-L_Auditori-Barcelona_Catalonia.html","244897","51","4.0","null","","","259"
"Miraestels","https://www.tripadvisor.com/Attraction_Review-g187497-d9764670-Reviews-Miraestels-Barcelona_Catalonia.html","9764670","38","4.0","null","","","231"
"Casa Macaia (Palau Macaya)","https://www.tripadvisor.com/Attraction_Review-g187497-d531596-Reviews-Casa_Macaia_Palau_Macaya-Barcelona_Catalonia.html","531596","35","4.0","null","","","362"
"Tramvia Blau","https://www.tripadvisor.com/Attraction_Review-g187497-d6673955-Reviews-Tramvia_Blau-Barcelona_Catalonia.html","6673955","143","3.0","null","","","517"
"Casa Perez Samanillo","https://www.tripadvisor.com/Attraction_Review-g187497-d10538617-Reviews-Casa_Perez_Samanillo-Barcelona_Catalonia.html","10538617","11","4.5","null","","","411"
"Jardines de la Torre de Les Aigues","https://www.tripadvisor.com/Attraction_Review-g187497-d3678721-Reviews-Jardines_de_la_Torre_de_Les_Aigues-Barcelona_Catalonia.html","3678721","32","4.0","null","","","433"
"Teatre Nacional de Catalunya - TNC","https://www.tripadvisor.com/Attraction_Review-g187497-d244902-Reviews-Teatre_Nacional_de_Catalunya_TNC-Barcelona_Catalonia.html","244902","63","4.0","null","","","382"
"Refugio Antiaereo de la Placa Del Diamant","https://www.tripadvisor.com/Attraction_Review-g187497-d7055716-Reviews-Refugio_Antiaereo_de_la_Placa_Del_Diamant-Barcelona_Catalonia.html","7055716","28","4.5","null","","","260"
"Iris Foto Barcelona","https://www.tripadvisor.com/Attraction_Review-g187497-d15087184-Reviews-Iris_Foto_Barcelona-Barcelona_Catalonia.html","15087184","5","5.0","null","","","448"
"Monumento a Rius i Taulet","https://www.tripadvisor.com/Attraction_Review-g187497-d10065909-Reviews-Monumento_a_Rius_i_Taulet-Barcelona_Catalonia.html","10065909","21","4.0","null","","","358"
"Placa Garriga i Bachs","https://www.tripadvisor.com/Attraction_Review-g187497-d12643730-Reviews-Placa_Garriga_i_Bachs-Barcelona_Catalonia.html","12643730","11","4.0","null","","","414"
"Montjuïc Funicular","https://www.tripadvisor.com/Attraction_Review-g187497-d17639374-Reviews-Montjuic_Funicular-Barcelona_Catalonia.html","17639374","31","4.0","null","","","218"
"Teatre Principal","https://www.tripadvisor.com/Attraction_Review-g187497-d244904-Reviews-Teatre_Principal-Barcelona_Catalonia.html","244904","42","4.0","null","","","410"
"Edificio Telefonica Diagonal","https://www.tripadvisor.com/Attraction_Review-g187497-d10231433-Reviews-Edificio_Telefonica_Diagonal-Barcelona_Catalonia.html","10231433","25","4.0","null","","","370"
"Playa de Llevant","https://www.tripadvisor.com/Attraction_Review-g187497-d10230877-Reviews-Playa_de_Llevant-Barcelona_Catalonia.html","10230877","19","3.5","null","","","496"
"University of Pompeu Fabra","https://www.tripadvisor.com/Attraction_Review-g187497-d1976641-Reviews-University_of_Pompeu_Fabra-Barcelona_Catalonia.html","1976641","14","3.5","null","","","597"
"Parc de les Cascades","https://www.tripadvisor.com/Attraction_Review-g187497-d9570223-Reviews-Parc_de_les_Cascades-Barcelona_Catalonia.html","9570223","26","3.5","null","","","445"
"Parroquia Santa Teresa de l'Infant Jesus","https://www.tripadvisor.com/Attraction_Review-g187497-d10682799-Reviews-Parroquia_Santa_Teresa_de_l_Infant_Jesus-Barcelona_Catalonia.html","10682799","6","4.5","null","","","491"
"Parque Turo","https://www.tripadvisor.com/Attraction_Review-g187497-d10256497-Reviews-Parque_Turo-Barcelona_Catalonia.html","10256497","17","4.0","null","","","463"
"Barcelona Bosc Urba","https://www.tripadvisor.com/Attraction_Review-g187497-d1606662-Reviews-Barcelona_Bosc_Urba-Barcelona_Catalonia.html","1606662","58","3.5","null","","","416"
"Ethnology Museum of Barcelona","https://www.tripadvisor.com/Attraction_Review-g187497-d1467904-Reviews-Ethnology_Museum_of_Barcelona-Barcelona_Catalonia.html","1467904","39","3.5","null","","","508"
"MUHBA - El Call","https://www.tripadvisor.com/Attraction_Review-g187497-d2223526-Reviews-MUHBA_El_Call-Barcelona_Catalonia.html","2223526","35","4.0","null","","","400"
"Bancs Fanals","https://www.tripadvisor.com/Attraction_Review-g187497-d10592815-Reviews-Bancs_Fanals-Barcelona_Catalonia.html","10592815","33","4.0","null","","","239"
"Artevistas Gallery","https://www.tripadvisor.com/Attraction_Review-g187497-d3518832-Reviews-Artevistas_Gallery-Barcelona_Catalonia.html","3518832","47","4.5","null","","","196"
"FGC Ferrocarrils de la Generalitat de Catalunya","https://www.tripadvisor.com/Attraction_Review-g187497-d11773948-Reviews-FGC_Ferrocarrils_de_la_Generalitat_de_Catalunya-Barcelona_Catalonia.html","11773948","25","4.0","null","","","394"
"La Garrafa dels Beatles","https://www.tripadvisor.com/Attraction_Review-g187497-d7002028-Reviews-La_Garrafa_dels_Beatles-Barcelona_Catalonia.html","7002028","19","4.0","null","","","421"
"Pailebot de Santa Eulalia","https://www.tripadvisor.com/Attraction_Review-g187497-d8685987-Reviews-Pailebot_de_Santa_Eulalia-Barcelona_Catalonia.html","8685987","13","4.0","null","","","452"
"Capella de Santa Agata","https://www.tripadvisor.com/Attraction_Review-g187497-d9705588-Reviews-Capella_de_Santa_Agata-Barcelona_Catalonia.html","9705588","18","4.5","null","","","373"
"Immersión con tiburones Aquarium Barcelona","https://www.tripadvisor.com/Attraction_Review-g187497-d10445408-Reviews-Immersion_con_tiburones_Aquarium_Barcelona-Barcelona_Catalonia.html","10445408","39","4.0","null","","","328"
"Municipal Conservatory of Barcelona","https://www.tripadvisor.com/Attraction_Review-g187497-d8807616-Reviews-Municipal_Conservatory_of_Barcelona-Barcelona_Catalonia.html","8807616","13","4.5","null","","","386"
"Edifici de la Caixa de Pensions","https://www.tripadvisor.com/Attraction_Review-g187497-d8692638-Reviews-Edifici_de_la_Caixa_de_Pensions-Barcelona_Catalonia.html","8692638","25","4.0","null","","","349"
"Mercat de Galvany","https://www.tripadvisor.com/Attraction_Review-g187497-d10021405-Reviews-Mercat_de_Galvany-Barcelona_Catalonia.html","10021405","22","4.0","null","","","442"
"Parroquia de Sant Miquel del Port","https://www.tripadvisor.com/Attraction_Review-g187497-d13003921-Reviews-Parroquia_de_Sant_Miquel_del_Port-Barcelona_Catalonia.html","13003921","10","3.5","null","","","550"
"Palau Montaner","https://www.tripadvisor.com/Attraction_Review-g187497-d4937053-Reviews-Palau_Montaner-Barcelona_Catalonia.html","4937053","20","4.5","null","","","352"
"Aquitania Teatre","https://www.tripadvisor.com/Attraction_Review-g187497-d14004883-Reviews-Aquitania_Teatre-Barcelona_Catalonia.html","14004883","14","4.0","null","","","398"
"Plaza de Vicenc Martorell","https://www.tripadvisor.com/Attraction_Review-g187497-d14001384-Reviews-Plaza_de_Vicenc_Martorell-Barcelona_Catalonia.html","14001384","4","5.0","null","","","522"
"Skating Club","https://www.tripadvisor.com/Attraction_Review-g187497-d8273053-Reviews-Skating_Club-Barcelona_Catalonia.html","8273053","33","3.5","null","","","473"
"Jardins del Palau de les Heures","https://www.tripadvisor.com/Attraction_Review-g187497-d7349560-Reviews-Jardins_del_Palau_de_les_Heures-Barcelona_Catalonia.html","7349560","12","4.0","null","","","432"
"La Casa Ramos","https://www.tripadvisor.com/Attraction_Review-g187497-d13289877-Reviews-La_Casa_Ramos-Barcelona_Catalonia.html","13289877","5","4.5","null","","","500"
"Monestir de Santa Maria de Valldonzella","https://www.tripadvisor.com/Attraction_Review-g187497-d8321696-Reviews-Monestir_de_Santa_Maria_de_Valldonzella-Barcelona_Catalonia.html","8321696","11","4.5","null","","","423"
"ArticketBCN: Barcelona Museum Pass","https://www.tripadvisor.com/Attraction_Review-g187497-d10459206-Reviews-ArticketBCN_Barcelona_Museum_Pass-Barcelona_Catalonia.html","10459206","23","4.0","null","","","439"
"Parc del Clot","https://www.tripadvisor.com/Attraction_Review-g187497-d10538430-Reviews-Parc_del_Clot-Barcelona_Catalonia.html","10538430","21","4.0","null","","","371"
"Sonar Festival","https://www.tripadvisor.com/Attraction_Review-g187497-d8820360-Reviews-Sonar_Festival-Barcelona_Catalonia.html","8820360","20","4.5","null","","","378"
"Casa Llopis i Bofill","https://www.tripadvisor.com/Attraction_Review-g187497-d8807630-Reviews-Casa_Llopis_i_Bofill-Barcelona_Catalonia.html","8807630","11","4.5","null","","","409"
"Anfiteatro Anatomico","https://www.tripadvisor.com/Attraction_Review-g187497-d9986707-Reviews-Anfiteatro_Anatomico-Barcelona_Catalonia.html","9986707","16","4.5","null","","","418"
"Ramon Berenguer III","https://www.tripadvisor.com/Attraction_Review-g187497-d8627151-Reviews-Ramon_Berenguer_III-Barcelona_Catalonia.html","8627151","17","4.0","null","","","384"
"Parc de la Trinitat","https://www.tripadvisor.com/Attraction_Review-g187497-d8498163-Reviews-Parc_de_la_Trinitat-Barcelona_Catalonia.html","8498163","10","4.0","null","","","542"
"Teatre Borràs","https://www.tripadvisor.com/Attraction_Review-g187497-d240501-Reviews-Teatre_Borras-Barcelona_Catalonia.html","240501","31","3.0","null","","","796"
"Mercat Port Antic","https://www.tripadvisor.com/Attraction_Review-g187497-d12622440-Reviews-Mercat_Port_Antic-Barcelona_Catalonia.html","12622440","14","3.5","null","","","798"
"Parque de la Barceloneta","https://www.tripadvisor.com/Attraction_Review-g187497-d10264171-Reviews-Parque_de_la_Barceloneta-Barcelona_Catalonia.html","10264171","21","4.0","null","","","408"
"Hercules","https://www.tripadvisor.com/Attraction_Review-g187497-d11930469-Reviews-Hercules-Barcelona_Catalonia.html","11930469","14","4.0","null","","","407"
"Hibernian Books","https://www.tripadvisor.com/Attraction_Review-g187497-d8321570-Reviews-Hibernian_Books-Barcelona_Catalonia.html","8321570","18","3.5","null","","","515"
"Begemot Art & Fashion Gallery","https://www.tripadvisor.com/Attraction_Review-g187497-d11810740-Reviews-Begemot_Art_Fashion_Gallery-Barcelona_Catalonia.html","11810740","40","5.0","null","","","139"
"Homenatge Als Castellers","https://www.tripadvisor.com/Attraction_Review-g187497-d8627215-Reviews-Homenatge_Als_Castellers-Barcelona_Catalonia.html","8627215","44","3.5","null","","","604"
"Monumento a Roger de Lluria","https://www.tripadvisor.com/Attraction_Review-g187497-d10065946-Reviews-Monumento_a_Roger_de_Lluria-Barcelona_Catalonia.html","10065946","19","4.0","null","","","389"
"Espais Volart","https://www.tripadvisor.com/Attraction_Review-g187497-d6727157-Reviews-Espais_Volart-Barcelona_Catalonia.html","6727157","17","5.0","null","","","303"
"Esglesia de Sant Andreu de Palomar","https://www.tripadvisor.com/Attraction_Review-g187497-d10592716-Reviews-Esglesia_de_Sant_Andreu_de_Palomar-Barcelona_Catalonia.html","10592716","11","4.5","null","","","403"
"Ideal-Centre Arts Digitals","https://www.tripadvisor.com/Attraction_Review-g187497-d19455163-Reviews-Ideal_Centre_Arts_Digitals-Barcelona_Catalonia.html","19455163","9","5.0","null","","","164"
"Monument al general Prim","https://www.tripadvisor.com/Attraction_Review-g187497-d10209665-Reviews-Monument_al_general_Prim-Barcelona_Catalonia.html","10209665","35","3.5","null","","","446"
"Wallace fountain","https://www.tripadvisor.com/Attraction_Review-g187497-d10296861-Reviews-Wallace_fountain-Barcelona_Catalonia.html","10296861","23","4.0","null","","","353"
"La font de la Granota","https://www.tripadvisor.com/Attraction_Review-g187497-d8685983-Reviews-La_font_de_la_Granota-Barcelona_Catalonia.html","8685983","20","4.0","null","","","357"
"Central Catalana de Electricidad","https://www.tripadvisor.com/Attraction_Review-g187497-d10592599-Reviews-Central_Catalana_de_Electricidad-Barcelona_Catalonia.html","10592599","11","4.5","null","","","396"
"Passatge Sert","https://www.tripadvisor.com/Attraction_Review-g187497-d14287984-Reviews-Passatge_Sert-Barcelona_Catalonia.html","14287984","6","4.5","null","","","504"
"Palau de la Balmesiana","https://www.tripadvisor.com/Attraction_Review-g187497-d16781808-Reviews-Palau_de_la_Balmesiana-Barcelona_Catalonia.html","16781808","6","4.5","null","","","431"
"Bubbleparc","https://www.tripadvisor.com/Attraction_Review-g187497-d2669781-Reviews-Bubbleparc-Barcelona_Catalonia.html","2669781","13","4.0","","15.539999961853027","EUR","520"
"Font del Geni Catala","https://www.tripadvisor.com/Attraction_Review-g187497-d10592702-Reviews-Font_del_Geni_Catala-Barcelona_Catalonia.html","10592702","14","4.0","null","","","402"
"Iglesia Sant Ramon De Penyafort","https://www.tripadvisor.com/Attraction_Review-g187497-d14055509-Reviews-Iglesia_Sant_Ramon_De_Penyafort-Barcelona_Catalonia.html","14055509","8","4.0","null","","","467"
"Parque del Centro de Poblenou","https://www.tripadvisor.com/Attraction_Review-g187497-d4752027-Reviews-Parque_del_Centro_de_Poblenou-Barcelona_Catalonia.html","4752027","47","4.0","null","","","345"
"Stocks el Granero Barcelona","https://www.tripadvisor.com/Attraction_Review-g187497-d15053809-Reviews-Stocks_el_Granero_Barcelona-Barcelona_Catalonia.html","15053809","5","5.0","null","","","450"
"Mercat de les Flors","https://www.tripadvisor.com/Attraction_Review-g187497-d244860-Reviews-Mercat_de_les_Flors-Barcelona_Catalonia.html","244860","32","4.5","null","","","312"
"Fútbol Emotion Barcelona","https://www.tripadvisor.com/Attraction_Review-g187497-d17469356-Reviews-Futbol_Emotion_Barcelona-Barcelona_Catalonia.html","17469356","6","5.0","null","","","420"
"Jardins de Joan Brossa","https://www.tripadvisor.com/Attraction_Review-g187497-d12544426-Reviews-Jardins_de_Joan_Brossa-Barcelona_Catalonia.html","12544426","11","3.0","null","","","689"
"The Centre de la Vila","https://www.tripadvisor.com/Attraction_Review-g187497-d8089839-Reviews-The_Centre_de_la_Vila-Barcelona_Catalonia.html","8089839","20","3.0","null","","","742"
"Banco Espanol de Credito","https://www.tripadvisor.com/Attraction_Review-g187497-d8736833-Reviews-Banco_Espanol_de_Credito-Barcelona_Catalonia.html","8736833","24","3.5","null","","","435"
"Gallery Ex Machina","https://www.tripadvisor.com/Attraction_Review-g187497-d17750898-Reviews-Gallery_Ex_Machina-Barcelona_Catalonia.html","17750898","11","5.0","null","","","316"
"Jardines De Mossen Cinto Verdaguer","https://www.tripadvisor.com/Attraction_Review-g187497-d14048734-Reviews-Jardines_De_Mossen_Cinto_Verdaguer-Barcelona_Catalonia.html","14048734","7","4.5","null","","","427"
"Casa Damians","https://www.tripadvisor.com/Attraction_Review-g187497-d8685995-Reviews-Casa_Damians-Barcelona_Catalonia.html","8685995","45","4.0","null","","","255"
"Ateneu Barcelonès","https://www.tripadvisor.com/Attraction_Review-g187497-d13738059-Reviews-Ateneu_Barcelones-Barcelona_Catalonia.html","13738059","7","4.0","null","","","540"
"Parc de l'Oreneta","https://www.tripadvisor.com/Attraction_Review-g187497-d7149102-Reviews-Parc_de_l_Oreneta-Barcelona_Catalonia.html","7149102","31","3.5","null","","","531"
"Casa Marfa","https://www.tripadvisor.com/Attraction_Review-g187497-d4466782-Reviews-Casa_Marfa-Barcelona_Catalonia.html","4466782","20","4.0","null","","","383"
"Arquivo Historico da Cidade de Barcelona","https://www.tripadvisor.com/Attraction_Review-g187497-d11548121-Reviews-Arquivo_Historico_da_Cidade_de_Barcelona-Barcelona_Catalonia.html","11548121","16","4.0","null","","","363"
"Casa Planells","https://www.tripadvisor.com/Attraction_Review-g187497-d12920026-Reviews-Casa_Planells-Barcelona_Catalonia.html","12920026","7","3.5","null","","","566"
"Fira d'Antiquaris","https://www.tripadvisor.com/Attraction_Review-g187497-d240760-Reviews-Fira_d_Antiquaris-Barcelona_Catalonia.html","240760","13","3.5","null","","","535"
"Gimnasio Puro Impacto Barcelona","https://www.tripadvisor.com/Attraction_Review-g187497-d8308723-Reviews-Gimnasio_Puro_Impacto_Barcelona-Barcelona_Catalonia.html","8308723","12","5.0","null","","","376"
"Casa Pich i Pon","https://www.tripadvisor.com/Attraction_Review-g187497-d8807615-Reviews-Casa_Pich_i_Pon-Barcelona_Catalonia.html","8807615","25","4.0","null","","","371"
"Port Masnou","https://www.tripadvisor.com/Attraction_Review-g187497-d4758992-Reviews-Port_Masnou-Barcelona_Catalonia.html","4758992","21","4.0","null","","","381"
"High Court of Justice of Catalonia","https://www.tripadvisor.com/Attraction_Review-g187497-d1988114-Reviews-High_Court_of_Justice_of_Catalonia-Barcelona_Catalonia.html","1988114","15","4.5","null","","","350"
"Parc Del Port Olimpic","https://www.tripadvisor.com/Attraction_Review-g187497-d12495392-Reviews-Parc_Del_Port_Olimpic-Barcelona_Catalonia.html","12495392","12","4.0","null","","","476"
"Casa Ferran Guardiola","https://www.tripadvisor.com/Attraction_Review-g187497-d13289883-Reviews-Casa_Ferran_Guardiola-Barcelona_Catalonia.html","13289883","4","5.0","null","","","516"
"Castillo De Torre Baró","https://www.tripadvisor.com/Attraction_Review-g187497-d10557113-Reviews-Castillo_De_Torre_Baro-Barcelona_Catalonia.html","10557113","8","4.5","null","","","454"
"Galeria Olimpica","https://www.tripadvisor.com/Attraction_Review-g187497-d244203-Reviews-Galeria_Olimpica-Barcelona_Catalonia.html","244203","63","4.0","null","","","182"
"Font de Sant Just","https://www.tripadvisor.com/Attraction_Review-g187497-d8807498-Reviews-Font_de_Sant_Just-Barcelona_Catalonia.html","8807498","27","4.0","null","","","392"
"Font dels Sis Putti","https://www.tripadvisor.com/Attraction_Review-g187497-d11930476-Reviews-Font_dels_Sis_Putti-Barcelona_Catalonia.html","11930476","17","4.0","null","","","387"
"Militaria Barcelona","https://www.tripadvisor.com/Attraction_Review-g187497-d12682432-Reviews-Militaria_Barcelona-Barcelona_Catalonia.html","12682432","4","5.0","null","","","509"
"Arts Santa Monica","https://www.tripadvisor.com/Attraction_Review-g187497-d4688353-Reviews-Arts_Santa_Monica-Barcelona_Catalonia.html","4688353","21","4.0","null","","","394"
"Placa Cinc D'Oros","https://www.tripadvisor.com/Attraction_Review-g187497-d13546899-Reviews-Placa_Cinc_D_Oros-Barcelona_Catalonia.html","13546899","15","3.5","null","","","506"
"The Port Cable Car","https://www.tripadvisor.com/Attraction_Review-g187497-d17593156-Reviews-The_Port_Cable_Car-Barcelona_Catalonia.html","17593156","28","3.0","","13.979999542236328","EUR","709"
"CEM Climbat La Foixarda","https://www.tripadvisor.com/Attraction_Review-g187497-d3477513-Reviews-CEM_Climbat_La_Foixarda-Barcelona_Catalonia.html","3477513","11","3.5","null","","","650"
"Pomona","https://www.tripadvisor.com/Attraction_Review-g187497-d11930453-Reviews-Pomona-Barcelona_Catalonia.html","11930453","13","4.0","null","","","417"
"David & Goliath Sculpture","https://www.tripadvisor.com/Attraction_Review-g187497-d9764642-Reviews-David_Goliath_Sculpture-Barcelona_Catalonia.html","9764642","26","3.0","null","","","791"
"Mirador del Rei Marti","https://www.tripadvisor.com/Attraction_Review-g187497-d9727576-Reviews-Mirador_del_Rei_Marti-Barcelona_Catalonia.html","9727576","8","4.0","null","","","539"
"Monumento Al Doctor Andreu","https://www.tripadvisor.com/Attraction_Review-g187497-d9465523-Reviews-Monumento_Al_Doctor_Andreu-Barcelona_Catalonia.html","9465523","21","4.0","null","","","397"
"Fuente Monumental del Paseo de Gracia","https://www.tripadvisor.com/Attraction_Review-g187497-d14188996-Reviews-Fuente_Monumental_del_Paseo_de_Gracia-Barcelona_Catalonia.html","14188996","10","4.0","null","","","465"
"Font Pla de la Boqueria","https://www.tripadvisor.com/Attraction_Review-g187497-d8807499-Reviews-Font_Pla_de_la_Boqueria-Barcelona_Catalonia.html","8807499","28","3.5","null","","","459"
"Loval Antiguedades","https://www.tripadvisor.com/Attraction_Review-g187497-d13543812-Reviews-Loval_Antiguedades-Barcelona_Catalonia.html","13543812","5","5.0","null","","","468"
"Club Cronopios","https://www.tripadvisor.com/Attraction_Review-g187497-d13531380-Reviews-Club_Cronopios-Barcelona_Catalonia.html","13531380","3","5.0","null","","","564"
"Jardins Munoz Ramonet","https://www.tripadvisor.com/Attraction_Review-g187497-d13962782-Reviews-Jardins_Munoz_Ramonet-Barcelona_Catalonia.html","13962782","3","4.5","null","","","581"
"El Parque de Sant Marti","https://www.tripadvisor.com/Attraction_Review-g187497-d8630465-Reviews-El_Parque_de_Sant_Marti-Barcelona_Catalonia.html","8630465","10","4.0","null","","","534"
"Monument to Joan Güell i Ferrer","https://www.tripadvisor.com/Attraction_Review-g187497-d11932627-Reviews-Monument_to_Joan_Guell_i_Ferrer-Barcelona_Catalonia.html","11932627","9","4.0","null","","","487"
"Auditorio de Barcelona","https://www.tripadvisor.com/Attraction_Review-g187497-d4093062-Reviews-Auditorio_de_Barcelona-Barcelona_Catalonia.html","4093062","15","4.5","null","","","393"
"Monumento al libro","https://www.tripadvisor.com/Attraction_Review-g187497-d9750762-Reviews-Monumento_al_libro-Barcelona_Catalonia.html","9750762","21","3.5","null","","","443"
"El Forjador","https://www.tripadvisor.com/Attraction_Review-g187497-d11930433-Reviews-El_Forjador-Barcelona_Catalonia.html","11930433","14","4.0","null","","","419"
"Parc Central de Nou Barris","https://www.tripadvisor.com/Attraction_Review-g187497-d9884939-Reviews-Parc_Central_de_Nou_Barris-Barcelona_Catalonia.html","9884939","10","4.0","null","","","423"
"Portal de Santa Madrona","https://www.tripadvisor.com/Attraction_Review-g187497-d12879602-Reviews-Portal_de_Santa_Madrona-Barcelona_Catalonia.html","12879602","4","4.5","null","","","570"
"Dona amb angel","https://www.tripadvisor.com/Attraction_Review-g187497-d11930464-Reviews-Dona_amb_angel-Barcelona_Catalonia.html","11930464","13","4.0","null","","","390"
"Monumento a Mary Santpere","https://www.tripadvisor.com/Attraction_Review-g187497-d10223737-Reviews-Monumento_a_Mary_Santpere-Barcelona_Catalonia.html","10223737","16","3.5","null","","","566"
"L'Estel Ferit","https://www.tripadvisor.com/Attraction_Review-g187497-d10713504-Reviews-L_Estel_Ferit-Barcelona_Catalonia.html","10713504","23","3.0","null","","","666"
"Monument to Romul Bosch i Alsina","https://www.tripadvisor.com/Attraction_Review-g187497-d11932643-Reviews-Monument_to_Romul_Bosch_i_Alsina-Barcelona_Catalonia.html","11932643","11","3.0","null","","","702"
"Espai Subirachs","https://www.tripadvisor.com/Attraction_Review-g187497-d12860132-Reviews-Espai_Subirachs-Barcelona_Catalonia.html","12860132","5","5.0","null","","","532"
"Teatre Apolo","https://www.tripadvisor.com/Attraction_Review-g187497-d12056104-Reviews-Teatre_Apolo-Barcelona_Catalonia.html","12056104","17","4.0","null","","","436"
"Mercat de Lesseps","https://www.tripadvisor.com/Attraction_Review-g187497-d10670300-Reviews-Mercat_de_Lesseps-Barcelona_Catalonia.html","10670300","17","4.0","null","","","475"
"Monumento a los Martires de la Independencia","https://www.tripadvisor.com/Attraction_Review-g187497-d9802114-Reviews-Monumento_a_los_Martires_de_la_Independencia-Barcelona_Catalonia.html","9802114","19","4.0","null","","","366"
"Fundacio Sunol","https://www.tripadvisor.com/Attraction_Review-g187497-d1493833-Reviews-Fundacio_Sunol-Barcelona_Catalonia.html","1493833","22","4.0","null","","","430"
"Mercat de Les Corts","https://www.tripadvisor.com/Attraction_Review-g187497-d3820365-Reviews-Mercat_de_Les_Corts-Barcelona_Catalonia.html","3820365","14","4.0","null","","","457"
"Gran Sinagoga Maimonides Barcelona","https://www.tripadvisor.com/Attraction_Review-g187497-d15086183-Reviews-Gran_Sinagoga_Maimonides_Barcelona-Barcelona_Catalonia.html","15086183","3","5.0","null","","","545"
"Figura Femenina","https://www.tripadvisor.com/Attraction_Review-g187497-d11930472-Reviews-Figura_Femenina-Barcelona_Catalonia.html","11930472","10","4.0","null","","","447"
"Buho de la Plaza Jacint Verdaguer","https://www.tripadvisor.com/Attraction_Review-g187497-d9570964-Reviews-Buho_de_la_Plaza_Jacint_Verdaguer-Barcelona_Catalonia.html","9570964","23","3.5","null","","","422"
"Mercat del Poble Nou","https://www.tripadvisor.com/Attraction_Review-g187497-d12488986-Reviews-Mercat_del_Poble_Nou-Barcelona_Catalonia.html","12488986","4","4.0","null","","","616"
"Placa de Lesseps","https://www.tripadvisor.com/Attraction_Review-g187497-d10089782-Reviews-Placa_de_Lesseps-Barcelona_Catalonia.html","10089782","9","4.0","null","","","526"
"Casa Mulleras","https://www.tripadvisor.com/Attraction_Review-g187497-d15532136-Reviews-Casa_Mulleras-Barcelona_Catalonia.html","15532136","4","4.5","null","","","523"
"Pasaje De La Paz","https://www.tripadvisor.com/Attraction_Review-g187497-d15030177-Reviews-Pasaje_De_La_Paz-Barcelona_Catalonia.html","15030177","4","4.5","null","","","559"
"La Casa dels Entremesos","https://www.tripadvisor.com/Attraction_Review-g187497-d12703751-Reviews-La_Casa_dels_Entremesos-Barcelona_Catalonia.html","12703751","3","4.5","null","","","607"
"Museu dels Automats del Tibidabo","https://www.tripadvisor.com/Attraction_Review-g187497-d2223619-Reviews-Museu_dels_Automats_del_Tibidabo-Barcelona_Catalonia.html","2223619","24","3.5","null","","","441"
"Sabiduria","https://www.tripadvisor.com/Attraction_Review-g187497-d14142348-Reviews-Sabiduria-Barcelona_Catalonia.html","14142348","9","4.5","null","","","438"
"Casa Granell","https://www.tripadvisor.com/Attraction_Review-g187497-d8807492-Reviews-Casa_Granell-Barcelona_Catalonia.html","8807492","9","4.0","null","","","492"
"antiguo convento de San Agustin","https://www.tripadvisor.com/Attraction_Review-g187497-d10077498-Reviews-Antiguo_convento_de_San_Agustin-Barcelona_Catalonia.html","10077498","9","3.5","null","","","646"
"Club Capitol","https://www.tripadvisor.com/Attraction_Review-g187497-d16801122-Reviews-Club_Capitol-Barcelona_Catalonia.html","16801122","7","4.0","null","","","458"
"Parroquia Castrense de la Ciutadella","https://www.tripadvisor.com/Attraction_Review-g187497-d10223755-Reviews-Parroquia_Castrense_de_la_Ciutadella-Barcelona_Catalonia.html","10223755","15","4.0","null","","","456"
"Monumento a Mahatama Gandi","https://www.tripadvisor.com/Attraction_Review-g187497-d10060363-Reviews-Monumento_a_Mahatama_Gandi-Barcelona_Catalonia.html","10060363","14","3.5","null","","","527"
"Galeria de Arte Jordi Barnadas","https://www.tripadvisor.com/Attraction_Review-g187497-d12228778-Reviews-Galeria_de_Arte_Jordi_Barnadas-Barcelona_Catalonia.html","12228778","3","5.0","null","","","787"
"Font d'Hercules","https://www.tripadvisor.com/Attraction_Review-g187497-d11958463-Reviews-Font_d_Hercules-Barcelona_Catalonia.html","11958463","9","4.0","null","","","501"
"La Parella","https://www.tripadvisor.com/Attraction_Review-g187497-d9851986-Reviews-La_Parella-Barcelona_Catalonia.html","9851986","15","3.5","null","","","514"
"Pastor de la Flauta","https://www.tripadvisor.com/Attraction_Review-g187497-d12583627-Reviews-Pastor_de_la_Flauta-Barcelona_Catalonia.html","12583627","11","4.0","null","","","429"
"Jardins de Villa Amelia","https://www.tripadvisor.com/Attraction_Review-g187497-d8093226-Reviews-Jardins_de_Villa_Amelia-Barcelona_Catalonia.html","8093226","16","4.0","null","","","415"
"Font De La Caputxeta Vermella","https://www.tripadvisor.com/Attraction_Review-g187497-d9608985-Reviews-Font_De_La_Caputxeta_Vermella-Barcelona_Catalonia.html","9608985","14","3.5","null","","","503"
"MUHBA at Fabra i Coats","https://www.tripadvisor.com/Attraction_Review-g187497-d4556759-Reviews-MUHBA_at_Fabra_i_Coats-Barcelona_Catalonia.html","4556759","9","4.0","null","","","518"
"Centro Civico Can Felipa","https://www.tripadvisor.com/Attraction_Review-g187497-d9992984-Reviews-Centro_Civico_Can_Felipa-Barcelona_Catalonia.html","9992984","6","4.0","null","","","525"
"The Art of the Brick","https://www.tripadvisor.com/Attraction_Review-g187497-d10214244-Reviews-The_Art_of_the_Brick-Barcelona_Catalonia.html","10214244","15","4.0","null","","","502"
"Glorieta de la Transsexual Sonia","https://www.tripadvisor.com/Attraction_Review-g187497-d17766742-Reviews-Glorieta_de_la_Transsexual_Sonia-Barcelona_Catalonia.html","17766742","3","4.5","null","","","586"
"Finca Sansalvador","https://www.tripadvisor.com/Attraction_Review-g187497-d8677533-Reviews-Finca_Sansalvador-Barcelona_Catalonia.html","8677533","4","4.0","null","","","618"
"Casa Felip","https://www.tripadvisor.com/Attraction_Review-g187497-d15582053-Reviews-Casa_Felip-Barcelona_Catalonia.html","15582053","3","4.5","null","","","611"
"Monumento a Angel Guimera","https://www.tripadvisor.com/Attraction_Review-g187497-d10491252-Reviews-Monumento_a_Angel_Guimera-Barcelona_Catalonia.html","10491252","12","3.5","null","","","499"
"Collegio Teresiano","https://www.tripadvisor.com/Attraction_Review-g187497-d4603634-Reviews-Collegio_Teresiano-Barcelona_Catalonia.html","4603634","15","4.0","null","","","469"
"Monument to Francesc Soler i Rovirosa","https://www.tripadvisor.com/Attraction_Review-g187497-d11932634-Reviews-Monument_to_Francesc_Soler_i_Rovirosa-Barcelona_Catalonia.html","11932634","7","4.0","null","","","489"
"Casas Pascual i Pons","https://www.tripadvisor.com/Attraction_Review-g187497-d14802984-Reviews-Casas_Pascual_i_Pons-Barcelona_Catalonia.html","14802984","4","4.5","null","","","560"
"La Lleialtat Santsenca","https://www.tripadvisor.com/Attraction_Review-g187497-d15337720-Reviews-La_Lleialtat_Santsenca-Barcelona_Catalonia.html","15337720","4","5.0","null","","","484"
"Enoteca Divins","https://www.tripadvisor.com/Attraction_Review-g187497-d4888437-Reviews-Enoteca_Divins-Barcelona_Catalonia.html","4888437","16","4.5","null","","","648"
"Placa de Sarria","https://www.tripadvisor.com/Attraction_Review-g187497-d8321737-Reviews-Placa_de_Sarria-Barcelona_Catalonia.html","8321737","7","3.5","null","","","601"
"Bulevard Rosa","https://www.tripadvisor.com/Attraction_Review-g187497-d9730001-Reviews-Bulevard_Rosa-Barcelona_Catalonia.html","9730001","17","3.5","null","","","569"
"La Capilla de Marcus","https://www.tripadvisor.com/Attraction_Review-g187497-d9802260-Reviews-La_Capilla_de_Marcus-Barcelona_Catalonia.html","9802260","14","4.0","null","","","428"
"Mare de Déu de la Bonanova","https://www.tripadvisor.com/Attraction_Review-g187497-d10022418-Reviews-Mare_de_Deu_de_la_Bonanova-Barcelona_Catalonia.html","10022418","9","4.0","null","","","479"
"Sala Beckett","https://www.tripadvisor.com/Attraction_Review-g187497-d244930-Reviews-Sala_Beckett-Barcelona_Catalonia.html","244930","12","3.5","null","","","598"
"Casa Pomar","https://www.tripadvisor.com/Attraction_Review-g187497-d10696147-Reviews-Casa_Pomar-Barcelona_Catalonia.html","10696147","9","4.0","null","","","481"
"Esglesia dels Josepets de Gracia","https://www.tripadvisor.com/Attraction_Review-g187497-d10682802-Reviews-Esglesia_dels_Josepets_de_Gracia-Barcelona_Catalonia.html","10682802","10","4.0","null","","","453"
"Casa de la Lactancia","https://www.tripadvisor.com/Attraction_Review-g187497-d10538541-Reviews-Casa_de_la_Lactancia-Barcelona_Catalonia.html","10538541","11","4.0","null","","","451"
"Fundacio Gaspar","https://www.tripadvisor.com/Attraction_Review-g187497-d9570798-Reviews-Fundacio_Gaspar-Barcelona_Catalonia.html","9570798","12","4.5","null","","","404"
"Palau Centelles","https://www.tripadvisor.com/Attraction_Review-g187497-d9597197-Reviews-Palau_Centelles-Barcelona_Catalonia.html","9597197","7","4.0","null","","","556"
"Capilla de Santa Lucia","https://www.tripadvisor.com/Attraction_Review-g187497-d9802110-Reviews-Capilla_de_Santa_Lucia-Barcelona_Catalonia.html","9802110","9","4.0","null","","","554"
"Galería F.Cervera","https://www.tripadvisor.com/Attraction_Review-g187497-d6226814-Reviews-Galeria_F_Cervera-Barcelona_Catalonia.html","6226814","3","2.5","null","","","805"
"Aduana de Barcelona","https://www.tripadvisor.com/Attraction_Review-g187497-d16658729-Reviews-Aduana_de_Barcelona-Barcelona_Catalonia.html","16658729","2","5.0","null","","","596"
"Dona Pescadora","https://www.tripadvisor.com/Attraction_Review-g187497-d11930439-Reviews-Dona_Pescadora-Barcelona_Catalonia.html","11930439","9","4.0","null","","","488"
"Sala Parés","https://www.tripadvisor.com/Attraction_Review-g187497-d8612214-Reviews-Sala_Pares-Barcelona_Catalonia.html","8612214","5","3.0","null","","","711"
"Monument a La Sardana","https://www.tripadvisor.com/Attraction_Review-g187497-d14141952-Reviews-Monument_a_La_Sardana-Barcelona_Catalonia.html","14141952","7","3.5","null","","","606"
"Fira de Segells i Monedes","https://www.tripadvisor.com/Attraction_Review-g187497-d240763-Reviews-Fira_de_Segells_i_Monedes-Barcelona_Catalonia.html","240763","7","4.0","null","","","547"
"Barcelona International Comedy Festival","https://www.tripadvisor.com/Attraction_Review-g187497-d8820156-Reviews-Barcelona_International_Comedy_Festival-Barcelona_Catalonia.html","8820156","8","5.0","null","","","448"
"Monumento a Antonio Viladomat","https://www.tripadvisor.com/Attraction_Review-g187497-d10065947-Reviews-Monumento_a_Antonio_Viladomat-Barcelona_Catalonia.html","10065947","7","4.0","null","","","490"
"Velodrom d'Horta","https://www.tripadvisor.com/Attraction_Review-g187497-d244913-Reviews-Velodrom_d_Horta-Barcelona_Catalonia.html","244913","10","3.5","null","","","641"
"Centre Artesa Tradicionarius - CAT","https://www.tripadvisor.com/Attraction_Review-g187497-d244843-Reviews-Centre_Artesa_Tradicionarius_CAT-Barcelona_Catalonia.html","244843","5","4.5","null","","","584"
"Santuari de la Mare de Deu del Sagrat Cor","https://www.tripadvisor.com/Attraction_Review-g187497-d15663133-Reviews-Santuari_de_la_Mare_de_Deu_del_Sagrat_Cor-Barcelona_Catalonia.html","15663133","2","5.0","null","","","599"
"Mulas y Pedrosa Art Gallery","https://www.tripadvisor.com/Attraction_Review-g187497-d12961025-Reviews-Mulas_y_Pedrosa_Art_Gallery-Barcelona_Catalonia.html","12961025","8","5.0","null","","","399"
"Casa Vallet i Xiro","https://www.tripadvisor.com/Attraction_Review-g187497-d10713522-Reviews-Casa_Vallet_i_Xiro-Barcelona_Catalonia.html","10713522","8","4.0","null","","","576"
"Jardins de Gandhi","https://www.tripadvisor.com/Attraction_Review-g187497-d10065872-Reviews-Jardins_de_Gandhi-Barcelona_Catalonia.html","10065872","11","3.5","null","","","602"
"Bcn Art Design","https://www.tripadvisor.com/Attraction_Review-g187497-d8281216-Reviews-Bcn_Art_Design-Barcelona_Catalonia.html","8281216","6","4.0","null","","","633"
"Medieval Walls","https://www.tripadvisor.com/Attraction_Review-g187497-d10198073-Reviews-Medieval_Walls-Barcelona_Catalonia.html","10198073","13","3.5","null","","","533"
"Casa Lamadrid","https://www.tripadvisor.com/Attraction_Review-g187497-d8807479-Reviews-Casa_Lamadrid-Barcelona_Catalonia.html","8807479","11","4.0","null","","","473"
"Monumento al Perro Abandonado","https://www.tripadvisor.com/Attraction_Review-g187497-d9568162-Reviews-Monumento_al_Perro_Abandonado-Barcelona_Catalonia.html","9568162","9","4.0","null","","","498"
"Nave Bostik","https://www.tripadvisor.com/Attraction_Review-g187497-d15337789-Reviews-Nave_Bostik-Barcelona_Catalonia.html","15337789","3","4.5","null","","","592"
"Institut del Teatre","https://www.tripadvisor.com/Attraction_Review-g187497-d244858-Reviews-Institut_del_Teatre-Barcelona_Catalonia.html","244858","6","3.5","null","","","628"
"Birra 08","https://www.tripadvisor.com/Attraction_Review-g187497-d7391470-Reviews-Birra_08-Barcelona_Catalonia.html","7391470","13","5.0","null","","","367"
"Fuente de Carmen Amaya","https://www.tripadvisor.com/Attraction_Review-g187497-d9997409-Reviews-Fuente_de_Carmen_Amaya-Barcelona_Catalonia.html","9997409","14","3.5","null","","","589"
"La Dama del Paraguas","https://www.tripadvisor.com/Attraction_Review-g187497-d10296763-Reviews-La_Dama_del_Paraguas-Barcelona_Catalonia.html","10296763","6","4.5","null","","","536"
"Casa Llorenc Camprubi","https://www.tripadvisor.com/Attraction_Review-g187497-d10538499-Reviews-Casa_Llorenc_Camprubi-Barcelona_Catalonia.html","10538499","10","4.0","null","","","486"
"Palauet Casades","https://www.tripadvisor.com/Attraction_Review-g187497-d15209009-Reviews-Palauet_Casades-Barcelona_Catalonia.html","15209009","2","5.0","null","","","613"
"Dona amb nen i flabiol","https://www.tripadvisor.com/Attraction_Review-g187497-d11930430-Reviews-Dona_amb_nen_i_flabiol-Barcelona_Catalonia.html","11930430","9","4.0","null","","","460"
"Mercat d'Hostafrancs","https://www.tripadvisor.com/Attraction_Review-g187497-d15511804-Reviews-Mercat_d_Hostafrancs-Barcelona_Catalonia.html","15511804","4","4.0","null","","","627"
"Trenhotel Salvador Dali","https://www.tripadvisor.com/Attraction_Review-g187497-d1747997-Reviews-Trenhotel_Salvador_Dali-Barcelona_Catalonia.html","1747997","22","4.0","null","","","462"
"MUHBA Domus de Sant Honorat","https://www.tripadvisor.com/Attraction_Review-g187497-d4556731-Reviews-MUHBA_Domus_de_Sant_Honorat-Barcelona_Catalonia.html","4556731","11","3.5","null","","","577"
"Iglesia Ortodoxa Rusa de la Anunciación","https://www.tripadvisor.com/Attraction_Review-g187497-d8145612-Reviews-Iglesia_Ortodoxa_Rusa_de_la_Anunciacion-Barcelona_Catalonia.html","8145612","4","4.0","null","","","640"
"Galeria La Lesia","https://www.tripadvisor.com/Attraction_Review-g187497-d10676069-Reviews-Galeria_La_Lesia-Barcelona_Catalonia.html","10676069","6","5.0","null","","","470"
"Fundació Foto Colectania","https://www.tripadvisor.com/Attraction_Review-g187497-d10426987-Reviews-Fundacio_Foto_Colectania-Barcelona_Catalonia.html","10426987","8","4.0","null","","","497"
"Placa del Tibidabo","https://www.tripadvisor.com/Attraction_Review-g187497-d9454021-Reviews-Placa_del_Tibidabo-Barcelona_Catalonia.html","9454021","4","5.0","null","","","550"
"Edificio de la Junta de Obras del Puerto","https://www.tripadvisor.com/Attraction_Review-g187497-d17571145-Reviews-Edificio_de_la_Junta_de_Obras_del_Puerto-Barcelona_Catalonia.html","17571145","4","4.0","null","","","587"
"Casa Fajol","https://www.tripadvisor.com/Attraction_Review-g187497-d13201762-Reviews-Casa_Fajol-Barcelona_Catalonia.html","13201762","7","3.5","null","","","588"
"Monumeent to Joan Salvat i Papasseit","https://www.tripadvisor.com/Attraction_Review-g187497-d11932639-Reviews-Monumeent_to_Joan_Salvat_i_Papasseit-Barcelona_Catalonia.html","11932639","10","3.5","null","","","603"
